Title,Artist,Top_genre,Year,Bpm,Nrgy,Dnce,DB,Live,Val,Dur,Acous,Spch,Popularity,Country
Location Unknown,HONNE,uk pop,2019,92,29,51,-7,8,40,328,94,4,80,indonesia
blun7 a swishland,tha Supreme,trap italiana,2019,130,79,69,-6,26,57,168,13,25,80,italy
ch1 5ei te,tha Supreme,trap italiana,2019,88,78,49,-6,16,32,184,5,7,76,italy
fuck 3x,tha Supreme,trap italiana,2019,180,81,66,-5,11,69,161,7,8,82,italy
m12ano,tha Supreme,trap italiana,2019,65,51,58,-6,8,48,188,4,4,78,italy
m8nstar,tha Supreme,trap italiana,2019,165,76,58,-6,11,44,165,5,4,73,italy
occh1 purpl3,tha Supreme,trap italiana,2019,134,81,66,-5,16,55,188,9,16,77,italy
sw1n6o ,tha Supreme,trap italiana,2019,170,83,57,-6,79,79,184,12,9,78,italy
Alocao,Omar Montes,trap espanol,2019,178,75,67,-5,11,70,209,21,6,84,spain
Contando Lunares,Don Patricio,trap espanol,2019,106,52,86,-10,5,71,220,44,13,81,spain
No Te Debi Besar,C. Tangana,trap espanol,2019,75,68,67,-6,18,62,183,13,32,82,chile
Prendio,Rvfv,trap espanol,2019,125,54,83,-10,13,90,190,17,9,76,spain
Prendio,Rvfv,trap espanol,2019,125,76,75,-6,8,75,191,19,6,61,spain
No Dijeron Nada,Oscu,trap argentino,2019,115,71,70,-5,51,91,187,8,5,68,argentina
Fuera De Mi Mente,Lerica,spanish pop,2019,94,94,74,-2,5,70,181,17,10,73,spain
Si por mi fuera,Beret,spanish hip hop,2019,150,75,70,-6,10,88,209,3,3,73,spain
A Gente Fez Amor,Gusttavo Lima,sertanejo universitario,2019,134,94,79,-2,96,83,238,37,3,78,brazil
Ai Eu Bebo,Maiara & Maraisa,sertanejo universitario,2019,136,68,83,-5,41,85,174,48,7,79,brazil
Bebi Minha Bicicleta,Ze Neto & Cristiano,sertanejo universitario,2019,196,90,39,-4,91,47,182,45,41,68,brazil
Carreira Solo,Gusttavo Lima,sertanejo universitario,2019,127,93,81,-1,87,92,216,41,4,67,brazil
Ferida Curada,Ze Neto & Cristiano,sertanejo universitario,2019,146,85,49,-3,21,55,159,49,10,83,brazil
Liberdade Provisoria,Henrique & Juliano,sertanejo universitario,2019,108,68,67,-6,92,70,188,63,5,84,brazil
Quem Traiu Levou,Gusttavo Lima,sertanejo universitario,2019,174,96,59,-2,32,83,154,32,8,66,brazil
3 Batidas,Guilherme & Benuto,sertanejo pop,2019,118,71,55,-5,76,53,157,61,13,82,brazil
A Culpa e do Meu Grau ,Diego & Victor Hugo,sertanejo pop,2019,119,88,54,-3,93,63,183,72,10,80,brazil
Audio em Brasilia,Diego & Victor Hugo,sertanejo pop,2019,110,81,61,-5,42,45,190,52,4,77,brazil
"Para, Pensa e Volta",Yasmin Santos,sertanejo pop,2019,112,79,61,-3,24,57,174,25,4,80,brazil
S de Saudade,Luiza & Maurilio,sertanejo pop,2019,124,71,71,-4,13,79,175,62,5,81,brazil
Bebi Liguei,Marilia Mendonca,sertanejo,2019,154,80,60,-4,74,68,160,36,20,81,brazil
Cheirosa,Jorge & Mateus,sertanejo,2019,152,87,53,-3,33,71,182,24,9,85,brazil
Com ou Sem Mim ,Gustavo Mioto,sertanejo,2019,142,72,61,-4,96,30,202,16,5,79,brazil
Fake News,Gustavo Mioto,sertanejo,2019,114,64,80,-3,97,73,175,47,5,70,brazil
Mil Anos ,Jorge & Mateus,sertanejo,2019,135,70,62,-8,8,45,189,29,7,74,brazil
Relogio Parado,Diego & Arnaldo,sertanejo,2019,125,94,74,-1,97,73,181,5,5,78,brazil
Serenata,Marilia Mendonca,sertanejo,2019,132,71,71,-6,97,74,156,10,9,81,brazil
Solteiro Nao Trai,Gustavo Mioto,sertanejo,2018,158,83,49,-3,96,60,187,48,20,78,brazil
Supera,Marilia Mendonca,sertanejo,2019,132,74,67,-4,96,66,148,6,6,85,brazil
Tijolao,Jorge & Mateus,sertanejo,2019,119,88,64,-4,34,69,175,47,20,83,brazil
Todo Mundo Vai Sofrer,Marilia Mendonca,sertanejo,2019,111,74,62,-4,41,58,155,28,7,81,brazil
Perreo en La Luna,Rich Music LTD,reggaeton,2019,174,76,71,-4,37,72,219,27,29,83,argentina
Perreo en La Luna,Rich Music LTD,reggaeton,2019,174,76,71,-4,37,72,219,27,29,83,chile
Perreo en La Luna,Rich Music LTD,reggaeton,2019,174,76,71,-4,37,72,219,27,29,83,spain
Quizas,Rich Music LTD,reggaeton,2019,176,82,73,-2,23,68,216,3,15,90,argentina
Quizas,Rich Music LTD,reggaeton,2019,176,82,73,-2,23,68,216,3,15,90,bolivia
Quizas,Rich Music LTD,reggaeton,2019,176,82,73,-2,23,68,216,3,15,90,colombia
Quizas,Rich Music LTD,reggaeton,2019,176,82,73,-2,23,68,216,3,15,90,chile
Quizas,Rich Music LTD,reggaeton,2019,176,82,73,-2,23,68,216,3,15,90,spain
Zorra,Bad Gyal,rap catalan,2019,176,65,64,-7,8,74,186,68,19,76,spain
HIGHEST IN THE ROOM,Travis Scott,rap,2019,76,43,60,-9,21,6,176,5,3,96,israel
No Idea,Don Toliver,rap,2019,128,61,66,-5,22,35,154,56,10,90,malasya
Con Altura,ROSALiA,r&b en espanol,2019,98,69,88,-4,5,75,162,39,12,88,argentina
Con Altura,ROSALiA,r&b en espanol,2019,98,69,88,-4,5,75,162,39,12,88,bolivia
Con Altura,ROSALiA,r&b en espanol,2019,98,69,88,-4,5,75,162,39,12,88,colombia
Con Altura,ROSALiA,r&b en espanol,2019,98,69,88,-4,5,75,162,39,12,88,spain
"Yo x Ti, Tu x Mi",ROSALiA,r&b en espanol,2019,92,76,78,-3,14,58,201,46,23,90,argentina
"Yo x Ti, Tu x Mi",ROSALiA,r&b en espanol,2019,92,76,78,-3,14,58,201,46,23,90,bolivia
"Yo x Ti, Tu x Mi",ROSALiA,r&b en espanol,2019,92,76,78,-3,14,58,201,46,23,90,chile
"Yo x Ti, Tu x Mi",ROSALiA,r&b en espanol,2019,92,76,78,-3,14,58,201,46,23,90,spain
8 Parche,Baani Sandhu,punjabi pop,2019,174,86,65,-2,20,73,210,16,21,68,india
Carol of the Bells,Mykola Dmytrovych Leontovych,post-romantic era,1990,47,11,42,-23,18,80,85,99,4,84,usa
He oh,Gambi,pop urbaine,2019,105,59,83,-5,20,54,178,7,15,79,france
Popopop,Gambi,pop urbaine,2019,130,65,83,-6,14,41,156,5,31,82,france
Adicto,Tainy,pop reggaeton,2019,80,84,73,-5,18,62,271,2,7,92,argentina
Adicto,Tainy,pop reggaeton,2019,80,84,73,-5,18,62,271,2,7,92,bolivia
Adicto,Tainy,pop reggaeton,2019,80,84,73,-5,18,62,271,2,7,92,colombia
Adicto,Tainy,pop reggaeton,2019,80,84,73,-5,18,62,271,2,7,92,chile
Adicto,Tainy,pop reggaeton,2019,80,84,73,-5,18,62,271,2,7,92,spain
Ayy Macarena,Tyga,pop rap,2019,96,63,82,-6,7,72,132,13,23,90,germany
Ayy Macarena,Tyga,pop rap,2019,96,63,82,-6,7,72,132,13,23,90,italy
Lalala,Y2K,pop rap,2019,130,39,84,-8,14,50,161,18,8,93,israel
ROXANNE,Arizona Zervas,pop rap,2019,117,60,62,-6,46,46,164,5,15,99,world
ROXANNE,Arizona Zervas,pop rap,2019,117,60,62,-6,46,46,164,5,15,99,africa
ROXANNE,Arizona Zervas,pop rap,2019,117,60,62,-6,46,46,164,5,15,99,australia
ROXANNE,Arizona Zervas,pop rap,2019,117,60,62,-6,46,46,164,5,15,99,belgium
ROXANNE,Arizona Zervas,pop rap,2019,117,60,62,-6,46,46,164,5,15,99,canada
ROXANNE,Arizona Zervas,pop rap,2019,117,60,62,-6,46,46,164,5,15,99,germany
ROXANNE,Arizona Zervas,pop rap,2019,117,60,62,-6,46,46,164,5,15,99,spain
ROXANNE,Arizona Zervas,pop rap,2019,117,60,62,-6,46,46,164,5,15,99,usa
ROXANNE,Arizona Zervas,pop rap,2019,117,60,62,-6,46,46,164,5,15,99,france
ROXANNE,Arizona Zervas,pop rap,2019,117,60,62,-6,46,46,164,5,15,99,india
ROXANNE,Arizona Zervas,pop rap,2019,117,60,62,-6,46,46,164,5,15,99,indonesia
ROXANNE,Arizona Zervas,pop rap,2019,117,60,62,-6,46,46,164,5,15,99,israel
ROXANNE,Arizona Zervas,pop rap,2019,117,60,62,-6,46,46,164,5,15,99,italy
ROXANNE,Arizona Zervas,pop rap,2019,117,60,62,-6,46,46,164,5,15,99,malasya
menina solta,Giulia Be,pop nacional,2019,92,56,63,-7,16,67,150,33,8,82,brazil
Quarta Cadeira,Matheus & Kauan,pop nacional,2019,76,82,56,-5,62,60,224,59,24,82,brazil
Vou Ter Que Superar,Matheus & Kauan,pop nacional,2019,106,72,51,-6,87,42,189,77,6,80,brazil
Ride It,Regard,pop edm,2019,118,75,88,-4,11,88,158,18,9,95,australia
Ride It,Regard,pop edm,2019,118,75,88,-4,11,88,158,18,9,95,belgium
Ride It,Regard,pop edm,2019,118,75,88,-4,11,88,158,18,9,95,germany
Ride It,Regard,pop edm,2019,118,75,88,-4,11,88,158,18,9,95,france
Beautiful People,Ed Sheeran,pop,2019,93,65,64,-8,8,55,198,12,19,86,africa
Beautiful People,Ed Sheeran,pop,2019,93,65,64,-8,8,55,198,12,19,86,indonesia
Beautiful People,Ed Sheeran,pop,2019,93,65,64,-8,8,55,198,12,19,86,israel
Beautiful People,Ed Sheeran,pop,2019,93,65,64,-8,8,55,198,12,19,86,malasya
Before You Go,Lewis Capaldi,pop,2019,112,57,46,-5,9,18,215,60,6,82,malasya
Can We Kiss Forever?,Kina,pop,2018,110,13,52,-19,9,12,188,89,4,84,indonesia
comethru,Jeremy Zucker,pop,2018,94,18,80,-12,62,61,182,61,6,86,indonesia
comethru,Jeremy Zucker,pop,2018,94,18,80,-12,62,61,182,61,6,86,malasya
Feelings,Lauv,pop,2019,103,47,69,-7,10,25,190,9,4,73,malasya
Have Yourself A Merry Little Christmas,Sam Smith,pop,2014,75,18,44,-9,32,34,171,96,4,89,world
Have Yourself A Merry Little Christmas,Sam Smith,pop,2014,75,18,44,-9,32,34,171,96,4,89,africa
Have Yourself A Merry Little Christmas,Sam Smith,pop,2014,75,18,44,-9,32,34,171,96,4,89,australia
Have Yourself A Merry Little Christmas,Sam Smith,pop,2014,75,18,44,-9,32,34,171,96,4,89,belgium
Have Yourself A Merry Little Christmas,Sam Smith,pop,2014,75,18,44,-9,32,34,171,96,4,89,canada
Have Yourself A Merry Little Christmas,Sam Smith,pop,2014,75,18,44,-9,32,34,171,96,4,89,germany
Have Yourself A Merry Little Christmas,Sam Smith,pop,2014,75,18,44,-9,32,34,171,96,4,89,usa
hot girl bummer,blackbear,pop,2019,130,56,78,-7,40,68,185,13,8,96,india
hot girl bummer,blackbear,pop,2019,130,56,78,-7,40,68,185,13,8,96,malasya
How Do You Sleep?,Sam Smith,pop,2019,111,68,48,-5,8,35,202,15,9,93,malasya
I Don't Care,Ed Sheeran,pop,2019,102,68,80,-5,9,84,220,9,4,85,indonesia
I Don't Care,Ed Sheeran,pop,2019,102,68,80,-5,9,84,220,9,4,85,israel
I.F.L.Y.,Bazzi,pop,2019,105,52,81,-5,13,55,166,38,4,87,malasya
Lover ,Taylor Swift,pop,2019,205,60,45,-7,9,42,221,43,6,88,malasya
Mean It,Lauv,pop,2019,96,45,75,-9,17,34,233,4,9,89,indonesia
Mean It,Lauv,pop,2019,96,45,75,-9,17,34,233,4,9,89,malasya
Memories,Maroon 5,pop,2019,91,32,76,-7,8,57,189,84,5,99,world
Memories,Maroon 5,pop,2019,91,32,76,-7,8,57,189,84,5,99,africa
Memories,Maroon 5,pop,2019,91,32,76,-7,8,57,189,84,5,99,australia
Memories,Maroon 5,pop,2019,91,32,76,-7,8,57,189,84,5,99,belgium
Memories,Maroon 5,pop,2019,91,32,76,-7,8,57,189,84,5,99,france
Memories,Maroon 5,pop,2019,91,32,76,-7,8,57,189,84,5,99,india
Memories,Maroon 5,pop,2019,91,32,76,-7,8,57,189,84,5,99,indonesia
Memories,Maroon 5,pop,2019,91,32,76,-7,8,57,189,84,5,99,israel
Memories,Maroon 5,pop,2019,91,32,76,-7,8,57,189,84,5,99,italy
Memories,Maroon 5,pop,2019,91,32,76,-7,8,57,189,84,5,99,malasya
Shape of You,Ed Sheeran,pop,2017,96,65,83,-3,9,93,234,58,8,87,japan
Someone You Loved,Lewis Capaldi,pop,2019,110,41,50,-6,11,45,182,75,3,96,world
Someone You Loved,Lewis Capaldi,pop,2019,110,41,50,-6,11,45,182,75,3,96,belgium
Someone You Loved,Lewis Capaldi,pop,2019,110,41,50,-6,11,45,182,75,3,96,indonesia
Someone You Loved,Lewis Capaldi,pop,2019,110,41,50,-6,11,45,182,75,3,96,israel
Someone You Loved,Lewis Capaldi,pop,2019,110,41,50,-6,11,45,182,75,3,96,malasya
105 F Remix,KEVVO,perreo,2019,100,75,90,-7,29,74,464,37,16,83,chile
105 F Remix,KEVVO,perreo,2019,100,75,90,-7,29,74,464,37,16,83,spain
Christmas Lights,Coldplay,permanent wave,2010,131,42,31,-9,8,24,242,13,3,87,world
Christmas Lights,Coldplay,permanent wave,2010,131,42,31,-9,8,24,242,13,3,87,australia
Christmas Lights,Coldplay,permanent wave,2010,131,42,31,-9,8,24,242,13,3,87,belgium
Christmas Lights,Coldplay,permanent wave,2010,131,42,31,-9,8,24,242,13,3,87,canada
Christmas Lights,Coldplay,permanent wave,2010,131,42,31,-9,8,24,242,13,3,87,germany
Otro Trago,Sech,panamanian pop,2019,176,79,73,-2,6,76,288,7,20,88,argentina
Otro Trago,Sech,panamanian pop,2019,176,79,73,-2,6,76,288,7,20,88,bolivia
Otro Trago,Sech,panamanian pop,2019,176,70,75,-5,11,62,226,14,34,86,bolivia
Otro Trago,Sech,panamanian pop,2019,176,79,73,-2,6,76,288,7,20,88,chile
Otro Trago,Sech,panamanian pop,2019,176,79,73,-2,6,76,288,7,20,88,spain
Que Mas Pues,Sech,panamanian pop,2019,113,66,65,-5,12,81,306,12,20,85,bolivia
Si Te Vas,Sech,panamanian pop,2019,174,64,73,-4,14,55,205,9,13,90,argentina
Si Te Vas,Sech,panamanian pop,2019,174,64,73,-4,14,55,205,9,13,90,bolivia
Si Te Vas,Sech,panamanian pop,2019,174,64,73,-4,14,55,205,9,13,90,colombia
Si Te Vas,Sech,panamanian pop,2019,174,64,73,-4,14,55,205,9,13,90,chile
Si Te Vas,Sech,panamanian pop,2019,174,64,73,-4,14,55,205,9,13,90,spain
Last Christmas,Wham!,new wave pop,1984,108,48,74,-12,36,95,263,19,3,85,world
Last Christmas,Wham!,new wave pop,1984,108,48,74,-12,36,95,263,19,3,85,africa
Last Christmas,Wham!,new wave pop,1984,108,48,74,-12,36,95,263,19,3,85,australia
Last Christmas,Wham!,new wave pop,1984,108,48,74,-12,36,95,263,19,3,85,belgium
Last Christmas,Wham!,new wave pop,1984,108,48,74,-12,36,95,263,19,3,85,bolivia
Last Christmas,Wham!,new wave pop,1984,108,48,74,-12,36,95,263,19,3,85,canada
Last Christmas,Wham!,new wave pop,1984,108,48,74,-12,36,95,263,19,3,85,germany
Last Christmas,Wham!,new wave pop,1984,108,48,74,-12,36,95,263,19,3,85,spain
Last Christmas,Wham!,new wave pop,1984,108,48,74,-12,36,95,263,19,3,85,usa
Last Christmas,Wham!,new wave pop,1984,108,48,74,-12,36,95,263,19,3,85,france
Last Christmas,Wham!,new wave pop,1984,108,48,74,-12,36,95,263,19,3,85,italy
Last Christmas,Wham!,new wave pop,1984,108,48,74,-12,36,95,263,19,3,85,japan
Last Christmas,Wham!,new wave pop,1984,108,48,74,-12,36,95,263,19,3,85,malasya
Merry Christmas Everyone,Shakin' Stevens,new wave pop,1997,102,71,76,-10,8,96,224,16,3,69,world
Merry Christmas Everyone,Shakin' Stevens,new wave pop,1997,102,71,76,-10,8,96,224,16,3,69,africa
Merry Christmas Everyone,Shakin' Stevens,new wave pop,1997,102,71,76,-10,8,96,224,16,3,69,australia
Merry Christmas Everyone,Shakin' Stevens,new wave pop,1997,102,71,76,-10,8,96,224,16,3,69,belgium
Merry Christmas Everyone,Shakin' Stevens,new wave pop,1997,102,71,76,-10,8,96,224,16,3,69,canada
Merry Christmas Everyone,Shakin' Stevens,new wave pop,1997,102,71,76,-10,8,96,224,16,3,69,germany
BOP,DaBaby,nc hip hop,2019,127,79,77,-4,13,84,160,19,37,92,usa
Believer,Imagine Dragons,modern rock,2017,125,78,78,-4,8,67,204,6,13,89,india
Tum Hi Aana,Payal Dev,modern bollywood,2019,90,40,47,-7,15,35,249,63,2,74,india
Futsal Shuffle 2020,Lil Uzi Vert,melodic rap,2019,137,46,88,-8,23,30,199,3,16,90,usa
Roses,SAINt JHN,melodic rap,2019,122,72,77,-5,35,90,177,2,5,85,france
The Box,Roddy Ricch,melodic rap,2019,117,59,90,-7,79,64,197,10,6,89,canada
The Box,Roddy Ricch,melodic rap,2019,117,59,90,-7,79,64,197,10,6,89,usa
Mimpi,K-Clique,malaysian indie,2019,150,73,83,-7,10,87,253,53,29,66,malasya
Haa Tepok,MeerFly,malaysian hip hop,2019,87,50,85,-12,15,68,211,66,31,65,malasya
Feliz Navidad,Jose Feliciano,latin pop,2001,149,86,49,-7,35,96,182,53,4,85,world
Feliz Navidad,Jose Feliciano,latin pop,2001,149,86,49,-7,35,96,182,53,4,85,africa
Feliz Navidad,Jose Feliciano,latin pop,2001,149,86,49,-7,35,96,182,53,4,85,belgium
Feliz Navidad,Jose Feliciano,latin pop,2001,149,86,49,-7,35,96,182,53,4,85,bolivia
Feliz Navidad,Jose Feliciano,latin pop,2001,149,86,49,-7,35,96,182,53,4,85,canada
Feliz Navidad,Jose Feliciano,latin pop,2001,149,86,49,-7,35,96,182,53,4,85,germany
Feliz Navidad,Jose Feliciano,latin pop,2001,149,86,49,-7,35,96,182,53,4,85,chile
Feliz Navidad,Jose Feliciano,latin pop,2001,149,86,49,-7,35,96,182,53,4,85,spain
Feliz Navidad,Jose Feliciano,latin pop,2001,149,86,49,-7,35,96,182,53,4,85,usa
Feliz Navidad,Jose Feliciano,latin pop,2001,149,86,49,-7,35,96,182,53,4,85,italy
Fresa,TINI,latin pop,2019,96,87,78,-3,10,86,166,22,9,83,argentina
Mami,Paloma Mami,latin pop,2019,95,72,80,-6,17,51,195,15,5,73,chile
Oye,TINI,latin pop,2019,95,51,68,-8,18,26,173,45,6,83,argentina
Alguien Me Gusta,Andy Rivera,latin,2019,93,52,67,-4,37,81,169,45,4,70,colombia
Atrevete,Nicky Jam,latin,2019,184,68,55,-4,12,59,198,31,30,83,bolivia
Aventura,Lunay,latin,2019,92,73,73,-3,10,88,217,22,4,90,argentina
Aventura,Lunay,latin,2019,92,73,73,-3,10,88,217,22,4,90,bolivia
Aventura,Lunay,latin,2019,92,73,73,-3,10,88,217,22,4,90,colombia
Aventura,Lunay,latin,2019,92,73,73,-3,10,88,217,22,4,90,chile
Aventura,Lunay,latin,2019,92,73,73,-3,10,88,217,22,4,90,spain
B11,Rvssian,latin,2019,100,72,76,-5,13,20,252,7,12,83,chile
B11,Rvssian,latin,2019,100,72,76,-5,13,20,252,7,12,83,spain
Bellaquita,Dalex,latin,2019,166,72,80,-4,18,76,305,14,8,87,argentina
Bellaquita,Dalex,latin,2019,166,72,80,-4,18,76,305,14,8,87,bolivia
Bellaquita,Dalex,latin,2019,166,70,58,-4,17,77,205,9,11,85,bolivia
Bellaquita,Dalex,latin,2019,166,72,80,-4,18,76,305,14,8,87,colombia
Bellaquita,Dalex,latin,2019,166,72,80,-4,18,76,305,14,8,87,chile
Bellaquita,Dalex,latin,2019,166,72,80,-4,18,76,305,14,8,87,spain
Blanco,J Balvin,latin,2019,100,71,87,-5,9,59,146,3,13,87,argentina
Blanco,J Balvin,latin,2019,100,71,87,-5,9,59,146,3,13,87,bolivia
Blanco,J Balvin,latin,2019,100,71,87,-5,9,59,146,3,13,87,colombia
Blanco,J Balvin,latin,2019,100,71,87,-5,9,59,146,3,13,87,spain
Callaita,Bad Bunny,latin,2019,176,62,61,-5,24,24,251,60,31,92,argentina
Callaita,Bad Bunny,latin,2019,176,62,61,-5,24,24,251,60,31,92,bolivia
Callaita,Bad Bunny,latin,2019,176,62,61,-5,24,24,251,60,31,92,colombia
Callaita,Bad Bunny,latin,2019,176,62,61,-5,24,24,251,60,31,92,chile
Callaita,Bad Bunny,latin,2019,176,62,61,-5,24,24,251,60,31,92,spain
Calma,Pedro Capo,latin,2018,127,77,83,-4,14,76,238,32,5,87,argentina
China,Anuel AA,latin,2019,105,81,79,-4,8,61,302,8,9,94,argentina
China,Anuel AA,latin,2019,105,81,79,-4,8,61,302,8,9,94,bolivia
China,Anuel AA,latin,2019,105,81,79,-4,8,61,302,8,9,94,colombia
China,Anuel AA,latin,2019,105,81,79,-4,8,61,302,8,9,94,chile
China,Anuel AA,latin,2019,105,81,79,-4,8,61,302,8,9,94,spain
Con Calma,Daddy Yankee,latin,2019,94,86,74,-3,6,66,193,11,6,88,argentina
Cuerpo en Venta,Noriel,latin,2019,92,60,70,-6,10,41,254,16,30,85,chile
Desconocidos,Mau y Ricky,latin,2019,174,75,72,-5,21,68,205,12,18,79,bolivia
DJ No Pare,Justin Quiles,latin,2019,170,71,74,-4,8,83,259,5,9,88,argentina
DJ No Pare ,Justin Quiles,latin,2019,170,71,74,-4,8,83,259,5,9,88,bolivia
DJ No Pare ,Justin Quiles,latin,2019,170,71,74,-4,8,83,259,5,9,88,chile
DJ No Pare ,Justin Quiles,latin,2019,170,71,74,-4,8,83,259,5,9,88,spain
Easy,Jhay Cortez,latin,2019,94,75,89,-4,15,44,220,19,9,81,spain
El Favor ,Dimelo Flow,latin,2019,88,65,75,-3,11,48,233,11,7,85,argentina
El Favor ,Dimelo Flow,latin,2019,88,65,75,-3,11,48,233,11,7,85,chile
Fantasia,Ozuna,latin,2019,180,72,70,-6,9,78,175,23,9,84,chile
Fantasia,Ozuna,latin,2019,180,72,70,-6,9,78,175,23,9,84,spain
Fantasias,Rauw Alejandro,latin,2019,94,70,88,-4,6,79,200,14,7,93,argentina
Fantasias,Rauw Alejandro,latin,2019,94,70,88,-4,6,79,200,14,7,93,bolivia
Fantasias,Rauw Alejandro,latin,2019,94,70,88,-4,6,79,200,14,7,93,colombia
Fantasias,Rauw Alejandro,latin,2019,94,70,88,-4,6,79,200,14,7,93,chile
Fantasias,Rauw Alejandro,latin,2019,94,70,88,-4,6,79,200,14,7,93,spain
Hasta Que Salga el Sol,Ozuna,latin,2019,96,82,83,-5,13,60,188,2,7,81,spain
Hola,Dalex,latin,2019,182,67,65,-6,8,34,250,47,31,89,argentina
Hola,Dalex,latin,2019,182,67,65,-6,8,34,250,47,31,89,bolivia
Hola,Dalex,latin,2019,182,67,65,-6,8,34,250,47,31,89,colombia
Hola,Dalex,latin,2019,182,67,65,-6,8,34,250,47,31,89,chile
Hola,Dalex,latin,2019,182,67,65,-6,8,34,250,47,31,89,spain
Imaginaste,Jhay Cortez,latin,2019,90,71,85,-5,34,60,247,4,9,79,chile
Indeciso,Reik,latin,2019,95,75,74,-5,11,90,217,18,5,90,argentina
Indeciso,Reik,latin,2019,95,75,74,-5,11,90,217,18,5,90,bolivia
Indeciso,Reik,latin,2019,95,75,74,-5,11,90,217,18,5,90,colombia
Indeciso,Reik,latin,2019,95,75,74,-5,11,90,217,18,5,90,spain
Infeliz,Arcangel,latin,2019,176,80,71,-3,25,72,221,37,22,74,chile
La Cama,Lunay,latin,2019,174,90,70,-3,18,82,189,20,6,74,chile
La Cama,Lunay,latin,2019,174,90,70,-3,18,82,189,20,6,74,spain
LA CANCIoN,J Balvin,latin,2019,176,65,75,-6,11,43,243,15,32,93,argentina
LA CANCIoN,J Balvin,latin,2019,176,65,75,-6,11,43,243,15,32,93,bolivia
LA CANCIoN,J Balvin,latin,2019,176,65,75,-6,11,43,243,15,32,93,colombia
LA CANCIoN,J Balvin,latin,2019,176,65,75,-6,11,43,243,15,32,93,chile
No Me Conoce,Jhay Cortez,latin,2019,92,79,81,-4,9,58,309,14,7,88,argentina
No Me Conoce,Jhay Cortez,latin,2019,92,79,81,-4,9,58,309,14,7,88,bolivia
No Me Conoce,Jhay Cortez,latin,2019,92,79,81,-4,9,58,309,14,7,88,colombia
No Me Conoce,Jhay Cortez,latin,2019,92,79,81,-4,9,58,309,14,7,88,chile
No Me Conoce,Jhay Cortez,latin,2019,92,79,81,-4,9,58,309,14,7,88,spain
Pa Mi,Dalex,latin,2019,170,62,69,-8,16,73,361,75,22,86,bolivia
Piensan,Myke Towers,latin,2019,172,72,68,-4,11,79,173,54,6,82,chile
Piropo,Noriel,latin,2019,94,75,87,-6,4,77,220,12,7,78,chile
Que Pena,Maluma,latin,2019,126,66,64,-6,34,86,213,10,36,87,bolivia
Que Pena,Maluma,latin,2019,126,66,64,-6,34,86,213,10,36,87,colombia
QUE PRETENDES,J Balvin,latin,2019,93,79,64,-4,36,94,222,3,25,88,bolivia
QUE PRETENDES,J Balvin,latin,2019,93,79,64,-4,36,94,222,3,25,88,colombia
QUE PRETENDES,J Balvin,latin,2019,93,79,64,-4,36,94,222,3,25,88,chile
Que Tire Pa Lante,Daddy Yankee,latin,2019,94,90,66,-3,12,71,211,5,4,91,argentina
Que Tire Pa Lante,Daddy Yankee,latin,2019,94,90,66,-3,12,71,211,5,4,91,bolivia
Que Tire Pa Lante,Daddy Yankee,latin,2019,94,90,66,-3,12,71,211,5,4,91,colombia
Que Tire Pa Lante,Daddy Yankee,latin,2019,94,90,66,-3,12,71,211,5,4,91,chile
Si Se Da,Myke Towers,latin,2019,94,67,82,-6,13,77,332,44,30,85,chile
Si Supieras,Daddy Yankee,latin,2019,184,89,69,-2,10,62,242,29,12,82,chile
Sigues Con El,Dimelo Flow,latin,2019,88,67,88,-3,7,68,227,11,11,83,argentina
Sigues Con El,Dimelo Flow,latin,2019,88,67,88,-3,7,68,227,11,11,83,bolivia
Sigues Con El,Dimelo Flow,latin,2019,88,67,88,-3,7,68,227,11,11,83,colombia
Sigues Con El,Dimelo Flow,latin,2019,88,67,88,-3,7,68,227,11,11,83,chile
Sigues Con El,Dimelo Flow,latin,2019,88,67,88,-3,7,68,227,11,11,83,spain
Soltera,Lunay,latin,2019,92,78,80,-4,44,80,266,36,4,80,argentina
Soltera,Lunay,latin,2019,92,78,80,-4,44,80,266,36,4,80,bolivia
Soltera,Lunay,latin,2019,92,78,80,-4,44,80,266,36,4,80,colombia
Soltera,Lunay,latin,2019,92,78,80,-4,44,80,266,36,4,80,chile
Tusa,KAROL G,latin,2019,101,72,80,-3,6,57,201,30,30,96,world
Tusa,KAROL G,latin,2019,101,72,80,-3,6,57,201,30,30,96,argentina
Tusa,KAROL G,latin,2019,101,72,80,-3,6,57,201,30,30,96,bolivia
Tusa,KAROL G,latin,2019,101,72,80,-3,6,57,201,30,30,96,colombia
Tusa,KAROL G,latin,2019,101,72,80,-3,6,57,201,30,30,96,chile
Tusa,KAROL G,latin,2019,101,72,80,-3,6,57,201,30,30,96,spain
Verte Ir,DJ Luian,latin,2019,96,65,86,-4,8,55,268,39,10,85,chile
Vete,Bad Bunny,latin,2019,92,67,89,-4,10,53,192,4,19,94,argentina
Vete,Bad Bunny,latin,2019,92,67,89,-4,10,53,192,4,19,94,bolivia
Vete,Bad Bunny,latin,2019,92,67,89,-4,10,53,192,4,19,94,colombia
Vete,Bad Bunny,latin,2019,92,67,89,-4,10,53,192,4,19,94,chile
Vete,Bad Bunny,latin,2019,92,67,89,-4,10,53,192,4,19,94,spain
Whine Up,Nicky Jam,latin,2019,105,67,82,-6,10,66,215,5,8,91,argentina
Whine Up,Nicky Jam,latin,2019,105,67,82,-6,10,66,215,5,8,91,bolivia
Whine Up,Nicky Jam,latin,2019,105,67,82,-6,10,66,215,5,8,91,colombia
Whine Up,Nicky Jam,latin,2019,105,67,82,-6,10,66,215,5,8,91,chile
Whine Up,Nicky Jam,latin,2019,105,67,82,-6,10,66,215,5,8,91,spain
Jerusalem,Master KG,kwaito house,2019,124,47,88,-7,6,84,343,2,5,51,africa
Umlilo,DJ Zinhle,kwaito,2019,125,70,70,-5,8,62,237,27,3,52,africa
Boy With Luv,BTS,k-pop,2019,120,86,65,-5,19,80,230,9,10,87,indonesia
Boy With Luv ,BTS,k-pop,2019,120,86,65,-5,19,80,230,9,10,87,malasya
Psycho,Red Velvet,k-pop,2019,140,67,66,-2,9,41,211,19,4,75,indonesia
Psycho,Red Velvet,k-pop,2019,140,67,66,-2,9,41,211,19,4,75,malasya
Way Back Home,SHAUN,k-pop,2018,106,75,74,-5,22,45,192,27,3,79,indonesia
Mit Dir,Loredana,kosovan pop,2019,196,53,75,-6,6,64,158,16,34,75,germany
Paprika,Foorin,kodomo no ongaku,2018,101,77,75,-5,77,73,208,14,4,46,japan
366 Days,HY,j-pop,2008,152,43,38,-7,21,18,353,68,3,66,japan
Hakujitsu,King Gnu,j-pop,2019,93,90,61,-3,29,75,275,67,11,56,japan
HANABI,Mr.Children,j-pop,2008,112,77,64,-6,12,60,343,16,3,68,japan
Hikoutei,King Gnu,j-pop,2019,80,85,47,-3,33,49,262,4,5,50,japan
Teenager Forever,King Gnu,j-pop,2019,115,92,50,-4,34,70,189,7,11,39,japan
Turning Up,ARASHI,j-pop,2019,118,82,77,-5,24,90,183,2,10,68,japan
Umbrella,King Gnu,j-pop,2019,105,90,65,-3,5,70,202,38,8,51,japan
Walking with you,Novelbright,j-pop,2018,93,97,42,-1,53,50,223,1,6,67,japan
Wherever you are,ONE OK ROCK,j-pop,2010,174,69,38,-5,34,29,296,3,5,62,japan
Tutto Questo Sei Tu,Ultimo,italian pop,2019,162,51,45,-6,11,42,245,44,3,76,italy
ANSIA NO,FSK SATELLITE,italian hip hop,2019,160,68,82,-7,22,71,149,15,56,73,italy
Bossoli,Shiva,italian hip hop,2019,145,66,83,-8,14,80,179,44,26,77,italy
BRAVI A CADERE,Marracash,italian hip hop,2019,95,69,61,-6,10,28,200,16,10,77,italy
CHARLES MANSON,Salmo,italian hip hop,2019,120,83,72,-5,44,48,258,1,21,76,italy
Chiasso,Random,italian hip hop,2019,92,45,72,-13,10,46,182,25,19,78,italy
CRUDELIA,Marracash,italian hip hop,2019,82,55,55,-8,34,7,231,15,10,80,italy
GANG ,Samurai Jay,italian hip hop,2019,95,46,80,-11,21,58,162,4,24,75,italy
Gigolo,Lazza,italian hip hop,2019,98,63,80,-9,9,39,164,9,14,77,italy
Holly & Benji,AVA,italian hip hop,2019,78,79,42,-6,11,50,220,1,27,74,italy
Soldi in Nero,Shiva,italian hip hop,2019,158,66,75,-5,17,35,184,15,28,79,italy
SUPREME - L'ego,Marracash,italian hip hop,2019,141,66,66,-6,13,51,223,7,6,81,italy
Ti volevo dedicare,Rocco Hunt,italian hip hop,2019,120,73,75,-6,19,27,208,1,7,80,italy
Barrio,Mahmood,italian arena pop,2019,122,70,80,-7,11,57,165,6,7,77,italy
Cin Cin,Alfa,italian arena pop,2019,121,63,70,-4,13,37,180,26,3,65,italy
Non Avere Paura,Tommaso Paradiso,italian arena pop,2019,105,68,57,-6,11,24,247,43,4,77,italy
Se iluminaba,Fred De Palma,italian arena pop,2019,124,69,79,-5,7,62,174,8,6,74,spain
Una volta ancora,Fred De Palma,italian arena pop,2019,124,64,77,-5,10,59,174,8,6,76,italy
Never Go Back,Dennis Lloyd,israeli pop,2019,79,65,42,-5,11,73,175,1,40,76,israel
Nevermind,Dennis Lloyd,israeli pop,2017,100,69,60,-8,41,8,157,16,20,81,israel
Unfaithful,Dennis Lloyd,israeli pop,2019,76,57,64,-5,25,42,141,1,5,69,israel
Adu Rayu,Yovie Widianto,indonesian pop,2019,100,37,56,-12,11,22,208,60,5,75,indonesia
Bicara,TheOvertunes,indonesian pop,2019,77,37,57,-9,8,37,236,56,3,68,indonesia
Cinta Luar Biasa,Andmesh,indonesian pop,2019,136,23,58,-12,10,32,256,81,3,66,indonesia
Cinta Luar Biasa,Andmesh,indonesian pop,2019,136,23,58,-12,10,32,256,81,3,66,malasya
Dan...,Sheila On 7,indonesian pop,1999,125,54,66,-12,11,54,289,16,3,72,indonesia
Hanya Rindu,Andmesh,indonesian pop,2019,179,16,28,-12,11,20,252,89,3,65,indonesia
Hanya Rindu,Andmesh,indonesian pop,2019,179,16,28,-12,11,20,252,89,3,65,malasya
I Love You 3000,Stephanie Poetri,indonesian pop,2019,90,38,65,-8,39,41,210,91,4,79,indonesia
I Love You 3000,Stephanie Poetri,indonesian pop,2019,90,38,65,-8,39,41,210,91,4,79,malasya
Kumau Dia,Andmesh,indonesian pop,2019,158,51,47,-9,32,60,256,16,3,73,indonesia
Lebih Dari Egoku,Mawar De Jongh,indonesian pop,2019,80,39,67,-8,10,33,249,74,3,77,indonesia
Nyaman,Andmesh,indonesian pop,2019,83,31,54,-11,15,46,227,82,3,65,indonesia
Selamat ,Virgoun,indonesian pop,2019,80,58,36,-9,12,37,314,52,3,75,indonesia
Tak Ingin Pisah Lagi,Marion Jola,indonesian pop,2019,95,40,66,-6,14,34,266,58,3,64,indonesia
Tanpa Tergesa,Juicy Luicy,indonesian pop,2018,96,29,70,-7,11,45,218,31,3,76,indonesia
Tolong,Budi Doremi,indonesian pop,2018,136,20,44,-12,10,24,250,89,4,78,indonesia
April,Fiersa Besari,indonesian indie,2014,80,47,36,-8,19,57,264,59,3,72,indonesia
Celengan Rindu,Fiersa Besari,indonesian indie,2014,117,54,64,-8,14,66,224,11,4,76,indonesia
I Love You but I'm Letting Go,Pamungkas,indonesian indie,2018,80,32,39,-9,11,13,220,97,3,71,indonesia
Kenangan Manis,Pamungkas,indonesian indie,2018,140,68,60,-7,9,72,208,5,3,69,indonesia
One Only,Pamungkas,indonesian indie,2018,145,52,25,-6,9,11,255,22,3,74,indonesia
Pelukku Untuk Pelikmu,Fiersa Besari,indonesian indie,2019,125,83,53,-5,20,25,250,13,4,72,indonesia
Pilu Membiru,Kunto Aji,indonesian indie,2018,82,27,36,-11,12,5,252,89,3,75,indonesia
Secukupnya,Hindia,indonesian indie,2019,102,80,73,-5,35,93,205,19,3,65,indonesia
Waktu Yang Salah,Fiersa Besari,indonesian indie,2014,130,28,67,-11,10,30,326,79,3,76,indonesia
100 Degrees,Rich Brian,indonesian hip hop,2019,81,65,76,-5,52,66,166,12,7,77,indonesia
lowkey,NIKI,indie r&b,2019,118,49,75,-8,9,23,171,43,6,78,indonesia
Baby It's Cold Outside,Idina Menzel,hollywood,2014,113,48,55,-9,28,56,166,65,6,81,australia
Into the Unknown,Idina Menzel,hollywood,2019,145,41,32,-9,14,27,195,85,4,88,malasya
Speechless (Full),Naomi Scott,hollywood,2019,125,49,47,-8,12,23,209,47,3,65,indonesia
Santa Claus Is Comin' to Town,Bruce Springsteen,heartland rock,1981,140,67,36,-8,73,41,268,36,5,86,africa
Santa Claus Is Comin' to Town,Bruce Springsteen,heartland rock,1981,140,67,36,-8,73,41,268,36,5,86,canada
Santa Claus Is Comin' to Town ,Bruce Springsteen,heartland rock,1981,140,67,36,-8,73,41,268,36,5,86,world
Santa Claus Is Comin' to Town ,Bruce Springsteen,heartland rock,1981,140,67,36,-8,73,41,268,36,5,86,belgium
Santa Claus Is Comin' to Town ,Bruce Springsteen,heartland rock,1981,140,67,36,-8,73,41,268,36,5,86,italy
Amor a Primera Vista,Los Angeles Azules,grupera,2019,170,76,66,-6,41,95,221,32,6,81,bolivia
Nunca Es Suficiente,Los Angeles Azules,grupera,2018,94,50,80,-6,9,80,266,39,4,78,bolivia
Step Into Christmas,Elton John,glam rock,1973,140,93,53,-6,31,82,272,10,4,87,world
Step Into Christmas,Elton John,glam rock,1973,140,93,53,-6,31,82,272,10,4,87,australia
Step Into Christmas,Elton John,glam rock,1973,140,93,53,-6,31,82,272,10,4,87,canada
Step Into Christmas,Elton John,glam rock,1973,140,93,53,-6,31,82,272,10,4,87,germany
Thank God It's Christmas,Queen,glam rock,1984,83,42,30,-9,23,34,262,21,3,80,australia
Thank God It's Christmas,Queen,glam rock,1984,83,42,30,-9,23,34,262,21,3,80,germany
In der Weihnachtsbackerei,Rolf Zuckowski,german pop,1987,146,45,82,-9,20,92,173,49,4,72,germany
The Best Side Of Life,Sarah Connor,german pop,2006,91,63,63,-5,12,55,229,56,3,72,germany
200 km/h,Apache 207,german hip hop,2019,148,67,90,-6,11,41,163,27,16,79,germany
COLT,Samra,german hip hop,2019,90,53,54,-6,10,18,180,35,43,83,germany
Der Bratan bleibt der gleiche,Capital Bra,german hip hop,2019,96,70,61,-4,57,67,192,13,37,83,germany
Doch in der Nacht,Apache 207,german hip hop,2019,131,83,90,-7,21,71,192,12,7,81,germany
KARMA,Nimo,german hip hop,2019,160,64,69,-6,33,53,255,14,8,59,germany
KEIN SCHLAF,Nimo,german hip hop,2019,174,70,61,-6,12,43,200,31,17,61,germany
Roller,Apache 207,german hip hop,2019,128,76,94,-6,19,68,157,3,17,82,germany
Skifahren,The Cratez,german hip hop,2019,134,71,72,-7,15,44,163,22,25,51,germany
STAR,Nimo,german hip hop,2019,108,82,81,-5,17,60,162,38,9,71,germany
Wieso tust Du dir das an?,Apache 207,german hip hop,2019,134,48,86,-7,12,46,176,29,6,79,germany
Alien,RIN,german cloud rap,2019,138,60,84,-6,11,85,209,30,6,80,germany
Keine Liebe,RIN,german cloud rap,2019,104,80,80,-5,31,57,198,13,4,72,germany
Nur zur Info,Ufo361,german cloud rap,2019,89,37,73,-12,11,23,142,17,44,75,germany
Algo Mais ,Xand Aviao,funk carioca,2019,140,84,70,-3,75,67,232,28,6,80,brazil
Choque termico,Luan Santana,funk carioca,2019,127,76,74,-6,83,73,180,34,4,81,brazil
Espacosa Demais,Felipe Araujo,funk carioca,2018,160,89,68,-4,23,71,179,38,8,80,brazil
Gaiola e o Troco,MC Du Black,funk carioca,2019,150,84,72,-3,11,85,187,42,8,84,brazil
Lencol Dobrado,Joao Gustavo e Murilo,funk carioca,2018,125,66,71,-5,33,67,179,36,4,81,brazil
quando a bad bater,Luan Santana,funk carioca,2019,128,79,65,-5,53,53,180,30,4,71,brazil
Se Prepara 2,Mc Livinho,funk carioca,2019,130,45,65,-9,11,36,147,11,52,79,brazil
Sentou e Gostou,MC JottaPe,funk carioca,2019,131,67,70,-3,9,72,163,26,40,82,brazil
Tiro Certo,Ze Felipe,funk carioca,2019,130,91,71,-5,71,69,179,56,7,65,brazil
To Voando Alto,Mc Poze do Rodo,funk carioca,2019,145,68,89,-3,8,80,137,31,17,80,brazil
Aristocrate,Heuss L'enfoire,french hip hop,2019,117,61,94,-6,10,63,170,27,7,74,france
Batiment,Niska,french hip hop,2019,168,70,66,-7,7,65,211,29,14,76,france
Block,Larry,french hip hop,2019,77,74,72,-7,41,71,157,29,28,65,france
Cote Ouest,47ter,french hip hop,2019,152,59,77,-8,18,58,233,50,9,59,france
Dans l'univers,Nekfeu,french hip hop,2019,132,42,64,-10,14,20,244,33,17,75,france
Distant,Maes,french hip hop,2019,105,73,75,-6,7,49,162,56,19,72,france
Jamais,Mister V,french hip hop,2019,150,67,64,-7,11,79,192,43,9,75,france
La vie qu'on mene,Ninho,french hip hop,2019,113,76,80,-4,11,46,193,69,4,76,france
Ma belle,Moha La Squale,french hip hop,2019,82,66,74,-6,9,47,158,76,6,76,france
Maman ne le sait pas ,Ninho,french hip hop,2019,145,88,76,-6,12,39,203,40,19,75,france
Marie,Koba LaD,french hip hop,2019,132,75,78,-6,12,68,195,12,4,74,france
Mayday,SCH,french hip hop,2019,152,60,61,-8,9,25,210,61,36,77,france
Mechant,Niska,french hip hop,2019,98,80,53,-4,37,41,191,33,34,74,france
Mortel,Koba LaD,french hip hop,2019,154,69,58,-6,10,66,204,15,46,67,france
Moulaga,Heuss L'enfoire,french hip hop,2019,125,70,71,-5,10,48,180,33,10,79,france
Ne reviens pas,Gradur,french hip hop,2019,125,78,93,-3,17,93,189,21,6,78,belgium
Ne reviens pas,Gradur,french hip hop,2019,125,78,93,-3,17,93,189,21,6,78,france
Reste,Maitre Gims,french hip hop,2019,100,54,75,-7,10,69,232,48,4,54,france
Street,Maes,french hip hop,2019,148,30,66,-20,21,49,185,30,8,74,france
Un million par mois,Djadja & Dinaz,french hip hop,2019,135,54,76,-6,13,72,189,66,5,67,france
Un peu de haine,PLK,french hip hop,2019,134,66,77,-7,22,42,168,44,6,76,france
Woin Woin feat. RK,Larry,french hip hop,2019,130,64,90,-7,8,70,173,17,29,77,france
93% Tijuana,GLK,francoton,2019,136,69,80,-5,18,80,223,62,6,73,france
Avant toi,Vitaa,francoton,2019,142,40,63,-9,10,25,224,88,3,72,france
Complique,Dadju,francoton,2019,75,74,70,-7,16,93,215,55,5,68,france
Elle est bonne sa mere,Vegedream,francoton,2019,105,74,79,-5,34,47,197,33,6,70,france
Loin de moi,Naza,francoton,2019,97,46,89,-8,6,50,144,64,24,77,france
Ma vie,Dadju,francoton,2019,201,50,51,-8,16,32,209,12,8,68,france
Dois Lados,Wesley Safadao,forro,2019,160,85,66,-4,10,93,147,42,5,77,brazil
Fingindo Maturidade ,Mano Walter,forro,2019,166,92,58,-3,94,74,189,29,10,77,brazil
bad guy,Billie Eilish,electropop,2019,135,43,70,-11,10,56,194,33,38,96,belgium
bad guy,Billie Eilish,electropop,2019,135,43,70,-11,10,56,194,33,38,96,india
bad guy,Billie Eilish,electropop,2019,135,43,70,-11,10,56,194,33,38,96,israel
bad guy,Billie Eilish,electropop,2019,135,43,70,-11,10,56,194,33,38,96,japan
bad guy,Billie Eilish,electropop,2019,135,43,70,-11,10,56,194,33,38,96,malasya
everything i wanted,Billie Eilish,electropop,2019,120,23,70,-14,11,24,245,90,10,98,world
everything i wanted,Billie Eilish,electropop,2019,120,23,70,-14,11,24,245,90,10,98,belgium
everything i wanted,Billie Eilish,electropop,2019,120,23,70,-14,11,24,245,90,10,98,israel
everything i wanted,Billie Eilish,electropop,2019,120,23,70,-14,11,24,245,90,10,98,malasya
Takeaway,The Chainsmokers,electropop,2019,100,51,53,-8,10,35,210,13,3,83,indonesia
Takeaway,The Chainsmokers,electropop,2019,100,51,53,-8,10,35,210,13,3,83,malasya
Trampoline,SHAED,electropop,2019,127,46,62,-6,14,50,184,56,3,92,france
Trampoline,SHAED,electropop,2019,127,46,62,-6,14,50,184,56,3,92,india
Trampoline,SHAED,electropop,2019,127,46,62,-6,14,50,184,56,3,92,malasya
On My Way,Alan Walker,electro house,2019,170,69,51,-5,30,30,194,2,10,84,india
On My Way,Alan Walker,electro house,2019,170,69,51,-5,30,30,194,2,10,84,indonesia
Hoe Het Danst,Marco Borsato,dutch cabaret,2019,130,86,69,-3,19,42,253,6,5,75,belgium
Mary's Boy Child / Oh My Lord,Boney M.,disco,2017,113,72,78,-9,20,93,241,28,4,75,australia
Circles,Post Malone,dfw rap,2019,120,76,70,-3,9,55,215,19,4,99,world
Circles,Post Malone,dfw rap,2019,120,76,70,-3,9,55,215,19,4,99,africa
Circles,Post Malone,dfw rap,2019,120,76,70,-3,9,55,215,19,4,99,australia
Circles,Post Malone,dfw rap,2019,120,76,70,-3,9,55,215,19,4,99,belgium
Circles,Post Malone,dfw rap,2019,120,76,70,-3,9,55,215,19,4,99,usa
Circles,Post Malone,dfw rap,2019,120,76,70,-3,9,55,215,19,4,99,india
Circles,Post Malone,dfw rap,2019,120,76,70,-3,9,55,215,19,4,99,israel
Circles,Post Malone,dfw rap,2019,120,76,70,-3,9,55,215,19,4,99,malasya
Goodbyes,Post Malone,dfw rap,2019,150,65,55,-4,10,16,175,46,8,92,malasya
Sunflower - Spider-Man: Into the Spider-Verse,Post Malone,dfw rap,2019,90,52,76,-4,7,93,158,53,6,88,india
Sunflower - Spider-Man: Into the Spider-Verse,Post Malone,dfw rap,2019,90,52,76,-4,7,93,158,53,6,88,malasya
Bekhayali,Sachet Tandon,desi pop,2019,172,59,31,-5,32,35,372,45,4,68,india
Dance Like,Harrdy Sandhu,desi pop,2019,100,82,86,-3,30,54,172,38,10,64,india
Dheeme Dheeme,Tony Kakkar,desi pop,2019,110,97,80,-2,35,69,177,15,4,68,india
Don't Be Shy Again,Sachin-Jigar,desi pop,2019,105,91,80,-4,31,91,164,10,6,65,india
Duniyaa ,Akhil,desi pop,2019,77,66,44,-6,13,52,223,70,4,71,india
Ek Toh Kum Zindagani,Neha Kakkar,desi pop,2019,128,97,67,-2,6,72,190,6,9,67,india
Filhall,B Praak,desi pop,2019,80,66,53,-4,13,59,255,61,6,74,india
Ghungroo ,Arijit Singh,desi pop,2019,118,73,70,-6,53,86,303,7,3,75,india
Ik Tera,Maninder Buttar,desi pop,2019,93,71,83,-5,11,49,161,10,7,68,india
Jai Jai Shivshankar,Vishal Dadlani,desi pop,2019,129,90,83,-5,7,53,231,26,8,68,india
Kaise Hua,Vishal Mishra,desi pop,2019,138,46,39,-7,11,15,235,45,4,62,india
Kalank,Arijit Singh,desi pop,2019,118,55,57,-8,9,44,311,52,4,68,india
Makhna,Tanishk Bagchi,desi pop,2019,125,70,70,-8,16,43,183,17,4,73,india
Mere Sohneya ,Sachet Tandon,desi pop,2019,136,64,38,-6,22,65,193,56,4,64,india
Mummy Nu Pasand,Sunanda Sharma,desi pop,2019,94,97,78,0,35,80,185,1,11,57,india
Muqabla ,Yash Narvekar,desi pop,2019,120,91,80,-3,39,54,176,2,9,61,india
Naah Goriye,B Praak,desi pop,2019,100,77,82,-2,6,72,185,46,6,67,india
O Saki Saki,Neha Kakkar,desi pop,2019,108,96,74,0,36,57,191,16,7,60,india
Pachtaoge,Arijit Singh,desi pop,2019,170,69,52,-4,12,48,227,62,3,71,india
Pal Pal Dil Ke Paas,Arijit Singh,desi pop,2019,124,51,56,-7,6,39,255,59,3,69,india
Sakhiyaan,Maninder Buttar,desi pop,2018,83,67,71,-6,20,36,179,30,4,69,india
Sauda Khara Khara,Diljit Dosanjh,desi pop,2019,145,92,69,-3,11,88,211,9,6,63,india
Shaitan Ka Saala,Sohail Sen,desi pop,2019,100,77,84,-5,37,34,147,28,19,67,india
Tera Ban Jaunga,Akhil Sachdeva,desi pop,2019,94,53,61,-6,13,40,236,82,2,59,india
Tu Hi Yaar Mera ,Rochak,desi pop,2019,87,38,72,-8,13,48,201,59,6,64,india
Tujhe Kitna Chahne Lage ,Arijit Singh,desi pop,2019,70,40,43,-8,11,31,285,74,4,69,india
Vaaste,Dhvani Bhanushali,desi pop,2019,90,48,44,-6,10,32,196,45,4,68,india
Ve Maahi,Arijit Singh,desi pop,2019,103,55,65,-7,22,29,224,41,3,61,india
Yaad Piya Ki Aane Lagi,Neha Kakkar,desi pop,2019,108,83,86,-4,11,69,257,38,5,72,india
Chal Bombay,DIVINE,desi hip hop,2019,95,62,86,-7,12,51,174,4,32,68,india
Chandigarh Mein,Badshah,desi hip hop,2019,100,87,81,-2,7,34,205,1,6,64,india
Proper Patola,Badshah,desi hip hop,2018,172,82,77,-6,32,49,179,49,9,69,india
Coronao Now,El Alfa,dembow,2019,118,73,94,-8,18,72,218,15,25,81,chile
La Rubia 2,La Nueva Escuela,dembow,2019,110,72,76,-4,38,75,211,32,13,77,spain
Rueda,Chimbala,dembow,2019,130,92,89,-2,5,96,211,17,9,78,spain
Vor der Tur,Gzuz,deep german hip hop,2019,101,73,86,-6,10,20,171,2,19,63,germany
Baiana,Bakermat,deep euro house,2019,122,76,50,-7,33,49,182,0,5,77,france
7 rings,Ariana Grande,dance pop,2019,140,32,78,-11,9,33,179,59,33,92,israel
8 Days of Christmas,Destiny's Child,dance pop,1999,100,84,69,-1,6,64,210,5,19,67,australia
Adore You,Harry Styles,dance pop,2019,99,77,68,-4,10,57,207,2,5,87,australia
Adore You,Harry Styles,dance pop,2019,99,77,68,-4,10,57,207,2,5,87,malasya
All I Want for Christmas Is You,Mariah Carey,dance pop,1994,150,63,34,-7,7,35,241,16,4,98,world
All I Want for Christmas Is You,Mariah Carey,dance pop,1994,150,63,34,-7,7,35,241,16,4,98,africa
All I Want for Christmas Is You,Mariah Carey,dance pop,1994,150,63,34,-7,7,35,241,16,4,98,australia
All I Want for Christmas Is You,Mariah Carey,dance pop,1994,150,63,34,-7,7,35,241,16,4,98,belgium
All I Want for Christmas Is You,Mariah Carey,dance pop,1994,150,63,34,-7,7,35,241,16,4,98,bolivia
All I Want for Christmas Is You,Mariah Carey,dance pop,1994,150,63,34,-7,7,35,241,16,4,98,canada
All I Want for Christmas Is You,Mariah Carey,dance pop,1994,150,63,34,-7,7,35,241,16,4,98,germany
All I Want for Christmas Is You,Mariah Carey,dance pop,1994,150,63,34,-7,7,35,241,16,4,98,chile
All I Want for Christmas Is You,Mariah Carey,dance pop,1994,150,63,34,-7,7,35,241,16,4,98,spain
All I Want for Christmas Is You,Mariah Carey,dance pop,1994,150,63,34,-7,7,35,241,16,4,98,usa
All I Want for Christmas Is You,Mariah Carey,dance pop,1994,150,63,34,-7,7,35,241,16,4,98,france
All I Want for Christmas Is You,Mariah Carey,dance pop,1994,150,63,34,-7,7,35,241,16,4,98,italy
All I Want for Christmas Is You,Mariah Carey,dance pop,1994,150,63,34,-7,7,35,241,16,4,98,japan
All I Want for Christmas Is You,Mariah Carey,dance pop,1994,150,63,34,-7,7,35,241,16,4,98,malasya
Christmas,Mariah Carey,dance pop,1994,127,78,57,-7,11,70,153,2,3,88,world
Christmas,Mariah Carey,dance pop,1994,127,78,57,-7,11,70,153,2,3,88,africa
Christmas,Mariah Carey,dance pop,1994,127,78,57,-7,11,70,153,2,3,88,belgium
Christmas,Mariah Carey,dance pop,1994,127,78,57,-7,11,70,153,2,3,88,canada
Christmas,Mariah Carey,dance pop,1994,127,78,57,-7,11,70,153,2,3,88,usa
Don't Start Now,Dua Lipa,dance pop,2019,124,79,79,-5,10,68,183,1,8,97,world
Don't Start Now,Dua Lipa,dance pop,2019,124,79,79,-5,10,68,183,1,8,97,australia
Don't Start Now,Dua Lipa,dance pop,2019,124,79,79,-5,10,68,183,1,8,97,belgium
Don't Start Now,Dua Lipa,dance pop,2019,124,79,79,-5,10,68,183,1,8,97,france
Don't Start Now,Dua Lipa,dance pop,2019,124,79,79,-5,10,68,183,1,8,97,israel
Don't Start Now,Dua Lipa,dance pop,2019,124,79,79,-5,10,68,183,1,8,97,malasya
Falling,Harry Styles,dance pop,2019,110,27,57,-7,9,6,240,84,3,88,malasya
Lose You To Love Me,Selena Gomez,dance pop,2019,102,34,51,-9,21,9,206,58,4,97,indonesia
Lose You To Love Me,Selena Gomez,dance pop,2019,102,34,51,-9,21,9,206,58,4,97,malasya
My Oh My ,Camila Cabello,dance pop,2019,105,49,72,-6,9,38,171,2,3,91,india
My Oh My ,Camila Cabello,dance pop,2019,105,49,72,-6,9,38,171,2,3,91,israel
My Oh My ,Camila Cabello,dance pop,2019,105,49,72,-6,9,38,171,2,3,91,malasya
My Only Wish,Britney Spears,dance pop,2019,147,73,67,-7,20,68,255,23,3,84,world
My Only Wish,Britney Spears,dance pop,2019,147,73,67,-7,20,68,255,23,3,84,belgium
My Only Wish,Britney Spears,dance pop,2019,147,73,67,-7,20,68,255,23,3,84,germany
Que Calor,Major Lazer,dance pop,2019,126,89,80,-4,29,46,170,4,7,85,france
Que Calor ,Major Lazer,dance pop,2019,126,89,80,-4,29,46,170,4,7,85,spain
RITMO,The Black Eyed Peas,dance pop,2019,105,72,72,-7,24,67,222,3,7,97,world
RITMO,The Black Eyed Peas,dance pop,2019,105,72,72,-7,24,67,222,3,7,97,argentina
RITMO,The Black Eyed Peas,dance pop,2019,105,72,72,-7,24,67,222,3,7,97,bolivia
RITMO,The Black Eyed Peas,dance pop,2019,105,72,72,-7,24,67,222,3,7,97,colombia
RITMO,The Black Eyed Peas,dance pop,2019,105,72,72,-7,24,67,222,3,7,97,chile
RITMO,The Black Eyed Peas,dance pop,2019,105,72,72,-7,24,67,222,3,7,97,spain
RITMO,The Black Eyed Peas,dance pop,2019,105,72,72,-7,24,67,222,3,7,97,france
RITMO,The Black Eyed Peas,dance pop,2019,105,72,72,-7,24,67,222,3,7,97,italy
Santa Baby,Ariana Grande,dance pop,2013,96,78,75,-6,28,77,171,5,14,87,world
Santa Baby,Ariana Grande,dance pop,2013,96,78,75,-6,28,77,171,5,14,87,africa
Santa Baby,Ariana Grande,dance pop,2013,96,78,75,-6,28,77,171,5,14,87,belgium
Santa Baby,Ariana Grande,dance pop,2013,96,78,75,-6,28,77,171,5,14,87,canada
Santa Baby,Ariana Grande,dance pop,2013,96,78,75,-6,28,77,171,5,14,87,usa
Santa Tell Me,Ariana Grande,dance pop,2014,192,62,53,-7,29,59,204,5,12,95,world
Santa Tell Me,Ariana Grande,dance pop,2014,192,62,53,-7,29,59,204,5,12,95,africa
Santa Tell Me,Ariana Grande,dance pop,2014,192,62,53,-7,29,59,204,5,12,95,australia
Santa Tell Me,Ariana Grande,dance pop,2014,192,62,53,-7,29,59,204,5,12,95,belgium
Santa Tell Me,Ariana Grande,dance pop,2014,192,62,53,-7,29,59,204,5,12,95,canada
Santa Tell Me,Ariana Grande,dance pop,2014,192,62,53,-7,29,59,204,5,12,95,germany
Santa Tell Me,Ariana Grande,dance pop,2014,192,62,53,-7,29,59,204,5,12,95,spain
Santa Tell Me,Ariana Grande,dance pop,2014,192,62,53,-7,29,59,204,5,12,95,usa
Santa Tell Me,Ariana Grande,dance pop,2014,192,62,53,-7,29,59,204,5,12,95,italy
Santa Tell Me,Ariana Grande,dance pop,2014,192,62,53,-7,29,59,204,5,12,95,japan
Santa Tell Me,Ariana Grande,dance pop,2014,192,62,53,-7,29,59,204,5,12,95,malasya
So Am I,Ava Max,dance pop,2019,130,66,68,-5,35,61,183,7,4,84,indonesia
Underneath the Tree,Kelly Clarkson,dance pop,2013,160,81,51,-5,21,69,230,0,5,88,world
Underneath the Tree,Kelly Clarkson,dance pop,2013,160,81,51,-5,21,69,230,0,5,88,africa
Underneath the Tree,Kelly Clarkson,dance pop,2013,160,81,51,-5,21,69,230,0,5,88,australia
Underneath the Tree,Kelly Clarkson,dance pop,2013,160,81,51,-5,21,69,230,0,5,88,belgium
Underneath the Tree,Kelly Clarkson,dance pop,2013,160,81,51,-5,21,69,230,0,5,88,canada
Underneath the Tree,Kelly Clarkson,dance pop,2013,160,81,51,-5,21,69,230,0,5,88,germany
Underneath the Tree,Kelly Clarkson,dance pop,2013,160,81,51,-5,21,69,230,0,5,88,usa
Underneath the Tree,Kelly Clarkson,dance pop,2013,160,81,51,-5,21,69,230,0,5,88,italy
Underneath the Tree,Kelly Clarkson,dance pop,2013,160,81,51,-5,21,69,230,0,5,88,japan
Watermelon Sugar,Harry Styles,dance pop,2019,95,82,55,-4,34,56,174,12,5,86,malasya
You Make It Feel Like Christmas,Gwen Stefani,dance pop,2017,93,87,64,-4,12,91,157,2,4,85,italy
Me Vas a Extranar,Damas Gratis,cumbia villera,2018,88,81,42,-5,70,64,239,32,4,71,argentina
No Te Creas Tan Importante,Damas Gratis,cumbia villera,2018,175,76,30,-5,88,67,240,20,4,70,argentina
Como estas,Ke Personajes,cumbia pop,2019,135,86,59,-2,4,98,227,29,6,72,argentina
Algun Dia Volveras,Santaferia,cumbia chilena,2018,94,71,65,-4,5,69,254,37,3,68,chile
Una Cerveza,Rafaga,cumbia chilena,2016,98,91,75,-2,9,76,241,32,5,67,argentina
El Hijo Ausente,Pastor Lopez,cumbia,2012,107,73,76,-6,13,85,173,63,6,54,colombia
El Jornalero ,Lisandro Meza,cumbia,2001,95,72,85,-5,16,96,244,7,6,49,colombia
En Barranquilla Me Quedo,Joe Arroyo,cumbia,2009,104,79,62,-6,9,75,312,18,5,63,colombia
Golpe Con Golpe,Pastor Lopez,cumbia,2012,102,62,75,-7,6,97,214,60,6,53,colombia
La Burrita,Los Corraleros De Majagual,cumbia,2012,127,63,86,-5,8,95,157,46,10,51,colombia
La Noche,Joe Arroyo,cumbia,1999,106,68,73,-5,6,83,264,25,4,55,colombia
Las Calenas,Pastor Lopez Y Su Combo,cumbia,2010,204,74,55,-7,8,94,212,34,10,48,colombia
Las Cuatro Fiestas,Diomedes Diaz,cumbia,2006,131,92,51,-5,15,97,275,16,26,54,colombia
Los sabanales,Calixto Ochoa,cumbia,1971,124,70,80,-6,3,78,162,10,4,58,colombia
Sorbito De Champagne,Pastor Lopez,cumbia,2006,112,79,79,-4,4,70,211,64,4,45,colombia
Traicionera,Pastor Lopez,cumbia,2012,130,59,78,-5,19,96,215,53,4,55,colombia
"10,000 Hours",Dan + Shay,contemporary country,2019,90,63,65,-5,11,43,168,15,3,93,indonesia
"10,000 Hours",Dan + Shay,contemporary country,2019,90,63,65,-5,11,43,168,15,3,93,malasya
"Baby, It's Cold Outside",Brett Eldredge,contemporary country,2016,114,57,58,-5,27,68,174,74,4,85,canada
A Donde Vamos,Morat,colombian pop,2019,149,61,63,-13,23,96,203,1,4,77,spain
Aventurero,Yeison Jimenez,colombian pop,2019,93,63,85,-4,13,90,190,51,3,54,colombia
Detente,Mike Bahia,colombian pop,2019,172,59,74,-5,11,36,182,27,35,77,bolivia
Dulce Pecado,Jessi Uribe,colombian pop,2019,176,51,64,-4,13,77,175,61,5,63,colombia
La Dificil,Camilo,colombian pop,2019,65,36,68,-7,16,55,159,67,11,71,bolivia
Pa' Olvidarme De Ella,Piso 21,colombian pop,2019,90,54,73,-5,14,64,227,26,5,87,bolivia
Pa' Olvidarme De Ella,Piso 21,colombian pop,2019,90,54,73,-5,14,64,227,26,5,87,colombia
Te Quemaste,Manuel Turizo,colombian pop,2019,176,77,73,-2,29,72,199,61,13,85,spain
Te Vi,Piso 21,colombian pop,2018,102,78,88,-4,9,71,232,4,12,85,bolivia
Tutu,Camilo,colombian pop,2019,146,83,73,-3,7,94,179,27,5,90,argentina
Tutu,Camilo,colombian pop,2019,146,83,73,-3,7,94,179,27,5,90,bolivia
Tutu,Camilo,colombian pop,2019,146,83,73,-3,7,94,179,27,5,90,colombia
Tutu,Camilo,colombian pop,2019,146,83,73,-3,7,94,179,27,5,90,chile
Una Vida Para Recordar,Piso 21,colombian pop,2019,182,78,70,-3,12,48,215,7,20,81,bolivia
Ve'Eem Tavo'ee Elay ,Idan Raichel,classic israeli pop,2019,112,88,73,-5,10,23,213,50,3,43,israel
Adonay,Rodolfo Aicardi,classic colombian pop,2014,118,66,76,-6,6,97,187,67,5,54,colombia
Carinito,Rodolfo Aicardi,classic colombian pop,2012,106,57,68,-6,8,95,227,82,3,53,colombia
Daniela,Rodolfo Aicardi,classic colombian pop,2012,142,56,62,-7,18,93,198,52,3,51,colombia
Ojitos Hechiceros,Rodolfo Aicardi,classic colombian pop,2012,107,69,79,-7,14,62,220,11,4,52,colombia
Tabaco y Ron,Rodolfo Aicardi,classic colombian pop,2012,103,77,76,-7,11,96,243,18,4,54,colombia
Vispera de Ano Nuevo,Guillermo Buitrago,classic colombian pop,2012,100,83,60,-6,8,98,150,85,13,49,colombia
Loquito por Ti,Armando Hernandez,chicha,2012,107,76,79,-4,5,86,287,41,12,54,colombia
This Christmas,Donny Hathaway,chicago soul,1971,93,65,63,-9,25,68,231,29,4,59,belgium
This Christmas,Donny Hathaway,chicago soul,1971,93,65,63,-9,25,68,231,29,4,59,usa
Bandit,Juice WRLD,chicago rap,2019,180,63,47,-6,13,43,189,7,34,94,usa
Lucid Dreams,Juice WRLD,chicago rap,2018,84,57,51,-7,34,22,240,35,20,94,indonesia
Lucid Dreams,Juice WRLD,chicago rap,2018,84,57,51,-7,34,22,240,35,20,94,israel
Lucid Dreams,Juice WRLD,chicago rap,2018,84,57,51,-7,34,22,240,35,20,94,malasya
Petit Papa Noel,Tino Rossi,chanson,1998,105,31,33,-9,6,42,196,99,3,61,france
Fairytale of New York,The Pogues,celtic punk,1988,119,65,32,-6,24,47,272,50,3,86,world
Fairytale of New York,The Pogues,celtic punk,1988,119,65,32,-6,24,47,272,50,3,86,australia
Fairytale of New York,The Pogues,celtic punk,1988,119,65,32,-6,24,47,272,50,3,86,belgium
Fairytale of New York,The Pogues,celtic punk,1988,119,65,32,-6,24,47,272,50,3,86,canada
Happy Xmas ,Celine Dion,canadian pop,1998,172,60,34,-5,28,16,255,45,3,82,italy
Mistletoe,Justin Bieber,canadian pop,2011,162,56,66,-9,8,85,183,50,5,92,world
Mistletoe,Justin Bieber,canadian pop,2011,162,56,66,-9,8,85,183,50,5,92,africa
Mistletoe,Justin Bieber,canadian pop,2011,162,56,66,-9,8,85,183,50,5,92,australia
Mistletoe,Justin Bieber,canadian pop,2011,162,56,66,-9,8,85,183,50,5,92,belgium
Mistletoe,Justin Bieber,canadian pop,2011,162,56,66,-9,8,85,183,50,5,92,canada
Mistletoe,Justin Bieber,canadian pop,2011,162,56,66,-9,8,85,183,50,5,92,germany
Mistletoe,Justin Bieber,canadian pop,2011,162,56,66,-9,8,85,183,50,5,92,usa
Mistletoe,Justin Bieber,canadian pop,2011,162,56,66,-9,8,85,183,50,5,92,italy
Mistletoe,Justin Bieber,canadian pop,2011,162,56,66,-9,8,85,183,50,5,92,malasya
Senorita,Shawn Mendes,canadian pop,2019,117,55,76,-6,8,75,191,4,3,89,world
Senorita,Shawn Mendes,canadian pop,2019,117,55,76,-6,8,75,191,4,3,89,africa
Senorita,Shawn Mendes,canadian pop,2019,117,55,76,-6,8,75,191,4,3,89,argentina
Senorita,Shawn Mendes,canadian pop,2019,117,55,76,-6,8,75,191,4,3,89,belgium
Senorita,Shawn Mendes,canadian pop,2019,117,55,76,-6,8,75,191,4,3,89,bolivia
Senorita,Shawn Mendes,canadian pop,2019,117,55,76,-6,8,75,191,4,3,89,colombia
Senorita,Shawn Mendes,canadian pop,2019,117,55,76,-6,8,75,191,4,3,89,france
Senorita,Shawn Mendes,canadian pop,2019,117,55,76,-6,8,75,191,4,3,89,india
Senorita,Shawn Mendes,canadian pop,2019,117,55,76,-6,8,75,191,4,3,89,indonesia
Senorita,Shawn Mendes,canadian pop,2019,117,55,76,-6,8,75,191,4,3,89,israel
Senorita,Shawn Mendes,canadian pop,2019,117,55,76,-6,8,75,191,4,3,89,malasya
It's You,Ali Gatie,canadian hip hop,2019,96,46,73,-7,19,40,213,37,3,90,indonesia
It's You,Ali Gatie,canadian hip hop,2019,96,46,73,-7,19,40,213,37,3,90,malasya
Blinding Lights,The Weeknd,canadian contemporary r&b,2019,171,80,51,-4,9,35,202,0,6,96,world
Blinding Lights,The Weeknd,canadian contemporary r&b,2019,171,80,51,-4,9,35,202,0,6,96,belgium
Blinding Lights,The Weeknd,canadian contemporary r&b,2019,171,80,51,-4,9,35,202,0,6,96,germany
Blinding Lights,The Weeknd,canadian contemporary r&b,2019,171,80,51,-4,9,35,202,0,6,96,france
Blinding Lights,The Weeknd,canadian contemporary r&b,2019,171,80,51,-4,9,35,202,0,6,96,india
Blinding Lights,The Weeknd,canadian contemporary r&b,2019,171,80,51,-4,9,35,202,0,6,96,israel
Blinding Lights,The Weeknd,canadian contemporary r&b,2019,171,80,51,-4,9,35,202,0,6,96,malasya
Heartless,The Weeknd,canadian contemporary r&b,2019,170,75,53,-6,12,20,200,1,11,94,india
Ela Vem,MC G15,brega funk,2019,185,63,62,-7,7,59,197,62,55,81,brazil
Hit Contagiante,Felipe Original,brega funk,2019,170,68,82,-7,9,96,137,13,12,84,brazil
Surtada Brega Funk,Dada Boladao,brega funk,2019,154,55,83,-7,18,88,153,25,6,86,brazil
Quando a vontade bater,Pk,brazilian edm,2019,150,70,62,-6,15,70,166,54,25,82,brazil
Like It's Christmas,Jonas Brothers,boy band,2019,146,57,73,-6,5,61,201,2,10,87,canada
Like It's Christmas,Jonas Brothers,boy band,2019,146,57,73,-6,5,61,201,2,10,87,usa
Blanca Navidad,Luis Miguel,bolero,2006,90,40,36,-11,7,18,212,73,3,67,chile
"Navidad, Navidad",Luis Miguel,bolero,2006,173,84,52,-4,16,75,155,36,15,69,chile
Santa Claus Llego a La Ciudad,Luis Miguel,bolero,2006,170,85,52,-2,33,72,116,38,19,70,chile
Run Rudolph Run ,Chuck Berry,blues rock,1986,152,72,68,-11,8,96,166,81,9,87,world
Run Rudolph Run ,Chuck Berry,blues rock,1986,152,72,68,-11,8,96,166,81,9,87,australia
Run Rudolph Run ,Chuck Berry,blues rock,1986,152,72,68,-11,8,96,166,81,9,87,canada
Run Rudolph Run ,Chuck Berry,blues rock,1986,152,72,68,-11,8,96,166,81,9,87,usa
Hauli Hauli,Garry Sandhu,bhangra,2019,95,98,71,-3,34,57,209,2,8,56,india
Oui ou non,Angele,belgian pop,2019,200,57,65,-8,16,36,197,64,14,79,france
Gasolina ,Hamza,belgian hip hop,2019,130,61,95,-8,12,72,179,28,19,52,france
God Bless ,Hamza,belgian hip hop,2019,83,57,86,-10,6,23,162,1,12,57,france
Pookie,Aya Nakamura,basshall,2019,98,62,84,-7,10,51,188,6,13,78,italy
Little Saint Nick ,The Beach Boys,baroque pop,1964,131,55,60,-9,5,97,119,11,3,83,australia
Little Saint Nick ,The Beach Boys,baroque pop,1964,131,55,60,-9,5,97,119,11,3,83,usa
Chama Ela ,Lexa,baile pop,2019,150,84,89,-2,6,96,120,46,15,83,brazil
Combatchy ,Anitta,baile pop,2019,150,73,83,-3,2,61,158,38,8,86,brazil
Invocada,Ludmilla,baile pop,2019,135,86,78,-4,93,70,157,48,5,82,brazil
SENTADaO,Pedro Sampaio,baile pop,2019,174,87,68,-2,22,92,143,18,6,83,brazil
Some que ele vem atras,Anitta,baile pop,2019,180,80,65,-6,38,60,195,7,17,84,brazil
Verdinha,Ludmilla,baile pop,2019,138,95,85,-4,12,63,160,35,12,81,brazil
Contatinho,Leo Santana,axe,2019,152,93,79,-5,95,81,173,22,8,82,brazil
Dance Monkey,Tones and I,australian pop,2019,98,59,82,-6,15,51,209,69,9,100,world
Dance Monkey,Tones and I,australian pop,2019,98,59,82,-6,15,51,209,69,9,100,africa
Dance Monkey,Tones and I,australian pop,2019,98,59,82,-6,15,51,209,69,9,100,argentina
Dance Monkey,Tones and I,australian pop,2019,98,59,82,-6,15,51,209,69,9,100,australia
Dance Monkey,Tones and I,australian pop,2019,98,59,82,-6,15,51,209,69,9,100,belgium
Dance Monkey,Tones and I,australian pop,2019,98,59,82,-6,15,51,209,69,9,100,bolivia
Dance Monkey,Tones and I,australian pop,2019,98,59,82,-6,15,51,209,69,9,100,brazil
Dance Monkey,Tones and I,australian pop,2019,98,59,82,-6,15,51,209,69,9,100,canada
Dance Monkey,Tones and I,australian pop,2019,98,59,82,-6,15,51,209,69,9,100,germany
Dance Monkey,Tones and I,australian pop,2019,98,59,82,-6,15,51,209,69,9,100,colombia
Dance Monkey,Tones and I,australian pop,2019,98,59,82,-6,15,51,209,69,9,100,chile
Dance Monkey,Tones and I,australian pop,2019,98,59,82,-6,15,51,209,69,9,100,spain
Dance Monkey,Tones and I,australian pop,2019,98,59,82,-6,15,51,209,69,9,100,france
Dance Monkey,Tones and I,australian pop,2019,98,59,82,-6,15,51,209,69,9,100,indonesia
Dance Monkey,Tones and I,australian pop,2019,98,59,82,-6,15,51,209,69,9,100,israel
Dance Monkey,Tones and I,australian pop,2019,98,59,82,-6,15,51,209,69,9,100,italy
Dance Monkey,Tones and I,australian pop,2019,98,59,82,-6,15,51,209,69,9,100,malasya
Never Seen The Rain,Tones and I,australian pop,2019,92,46,67,-6,28,27,201,43,4,81,australia
How to Make Gravy,Paul Kelly,australian alternative rock,2019,95,72,40,-7,25,39,269,6,4,45,australia
El Bombon,Los Palmeras,argentine rock,2016,164,77,74,-5,8,87,204,20,6,63,argentina
La Cola,Los Palmeras,argentine rock,2016,93,79,78,-5,12,87,169,36,6,63,argentina
Ocho Cuarenta,Rodrigo,argentine rock,1998,148,70,61,-10,30,85,355,8,3,64,argentina
Olvidala,Los Palmeras,argentine rock,2004,132,69,77,-5,27,52,290,31,5,65,argentina
Soy Sabalero,Los Palmeras,argentine rock,2019,132,85,78,-5,8,85,180,8,6,68,argentina
CANGURO,WOS,argentine indie,2019,164,75,60,-4,67,93,197,17,33,73,argentina
Adan y Eva,Paulo Londra,argentine hip hop,2019,172,71,77,-4,7,72,257,32,34,76,bolivia
C90,John C,argentine hip hop,2019,123,76,87,-5,7,61,316,34,9,72,argentina
Goteo,Duki,argentine hip hop,2019,108,78,47,-4,19,44,164,19,4,73,argentina
Goteo,Duki,argentine hip hop,2019,108,78,47,-4,19,44,164,19,4,73,spain
Tal Vez,Paulo Londra,argentine hip hop,2019,162,65,86,-2,8,74,264,25,15,80,argentina
Tal Vez,Paulo Londra,argentine hip hop,2019,162,65,86,-2,8,74,264,25,15,80,bolivia
115,Official HIGE DANdism,anime rock,2018,97,79,51,-2,14,48,325,0,3,71,japan
Gurenge,LiSA,anime rock,2019,135,98,55,-3,8,31,239,0,15,73,japan
Machigaisagashi,Masaki Suda,anime rock,2019,156,64,53,-6,39,44,224,52,4,53,japan
Pretender,Official HIGE DANdism,anime rock,2019,92,87,54,-3,14,37,327,5,3,56,japan
Sayonara Elegy,Masaki Suda,anime rock,2018,155,93,47,-3,28,62,257,0,5,51,japan
Shukumei,Official HIGE DANdism,anime rock,2019,164,58,55,-6,11,49,281,2,3,53,japan
Stand By You,Official HIGE DANdism,anime rock,2019,154,87,61,-5,28,63,256,1,4,49,japan
Yesterday,Official HIGE DANdism,anime rock,2019,130,80,54,-4,40,56,299,4,4,55,japan
Labantwana Ama Uber,Semi Tee,amapiano,2019,112,62,87,-10,5,53,384,4,8,52,africa
Falling,Trevor Daniel,alternative r&b,2018,127,43,78,-9,9,24,159,12,4,97,world
Falling,Trevor Daniel,alternative r&b,2018,127,43,78,-9,9,24,159,12,4,97,australia
Falling,Trevor Daniel,alternative r&b,2018,127,43,78,-9,9,24,159,12,4,97,germany
Falling,Trevor Daniel,alternative r&b,2018,127,43,78,-9,9,24,159,12,4,97,usa
Falling,Trevor Daniel,alternative r&b,2018,127,43,78,-9,9,24,159,12,4,97,india
Falling,Trevor Daniel,alternative r&b,2018,127,43,78,-9,9,24,159,12,4,97,indonesia
Falling,Trevor Daniel,alternative r&b,2018,127,43,78,-9,9,24,159,12,4,97,israel
Falling,Trevor Daniel,alternative r&b,2018,127,43,78,-9,9,24,159,12,4,97,italy
Falling,Trevor Daniel,alternative r&b,2018,127,43,78,-9,9,24,159,12,4,97,malasya
2000 Miles - 2007 Remaster,Pretenders,album rock,1984,66,71,22,-9,10,45,220,0,4,78,australia
Christmas Time,Bryan Adams,album rock,2019,77,58,50,-4,10,32,243,47,3,72,germany
Driving Home for Christmas - 2019 Remaster,Chris Rea,album rock,1987,180,58,51,-11,18,87,242,36,4,83,world
Driving Home for Christmas - 2019 Remaster,Chris Rea,album rock,1987,180,58,51,-11,18,87,242,36,4,83,australia
Driving Home for Christmas - 2019 Remaster,Chris Rea,album rock,1987,180,58,51,-11,18,87,242,36,4,83,belgium
Driving Home for Christmas - 2019 Remaster,Chris Rea,album rock,1987,180,58,51,-11,18,87,242,36,4,83,canada
Driving Home for Christmas - 2019 Remaster,Chris Rea,album rock,1987,180,58,51,-11,18,87,242,36,4,83,germany
Happy Xmas ,John Lennon,album rock,2010,147,61,33,-11,77,40,214,32,3,92,world
Happy Xmas ,John Lennon,album rock,2010,147,61,33,-11,77,40,214,32,3,92,africa
Happy Xmas ,John Lennon,album rock,2010,147,61,33,-11,77,40,214,32,3,92,australia
Happy Xmas ,John Lennon,album rock,2010,147,61,33,-11,77,40,214,32,3,92,belgium
Happy Xmas ,John Lennon,album rock,2010,147,61,33,-11,77,40,214,32,3,92,canada
Happy Xmas ,John Lennon,album rock,2010,147,61,33,-11,77,40,214,32,3,92,germany
Happy Xmas ,John Lennon,album rock,2010,147,61,33,-11,77,40,214,32,3,92,usa
Happy Xmas ,John Lennon,album rock,2010,147,61,33,-11,77,40,214,32,3,92,italy
Happy Xmas ,John Lennon,album rock,2010,147,61,33,-11,77,40,214,32,3,92,japan
Jingle Bell Rock ,Daryl Hall & John Oates,album rock,1983,129,84,67,-4,11,84,126,61,3,88,world
Jingle Bell Rock ,Daryl Hall & John Oates,album rock,1983,129,84,67,-4,11,84,126,61,3,88,africa
Jingle Bell Rock ,Daryl Hall & John Oates,album rock,1983,129,84,67,-4,11,84,126,61,3,88,australia
Jingle Bell Rock ,Daryl Hall & John Oates,album rock,1983,129,84,67,-4,11,84,126,61,3,88,belgium
Jingle Bell Rock ,Daryl Hall & John Oates,album rock,1983,129,84,67,-4,11,84,126,61,3,88,canada
Jingle Bell Rock,Daryl Hall & John Oates,album rock,1983,129,84,67,-4,11,84,126,61,3,88,germany
Merry Xmas Everybody,Slade,album rock,1973,130,80,41,-3,18,47,223,22,4,79,germany
Wonderful Christmastime,Paul McCartney,album rock,1980,95,51,77,-9,7,77,228,32,3,91,world
Wonderful Christmastime,Paul McCartney,album rock,1980,95,51,77,-9,7,77,228,32,3,91,africa
Wonderful Christmastime,Paul McCartney,album rock,1980,95,51,77,-9,7,77,228,32,3,91,belgium
Wonderful Christmastime,Paul McCartney,album rock,1980,95,51,77,-9,7,77,228,32,3,91,canada
Wonderful Christmastime,Paul McCartney,album rock,1980,95,51,77,-9,7,77,228,32,3,91,germany
Wonderful Christmastime,Paul McCartney,album rock,1980,95,51,77,-9,7,77,228,32,3,91,usa
Wonderful Christmastime,Paul McCartney,album rock,1980,95,51,77,-9,7,77,228,32,3,91,italy
Akulaleki,Samthing Soweto,afro house,2019,116,67,90,-9,6,34,382,14,9,45,africa
Lorch,Kabza De Small,afro house,2019,113,68,91,-10,7,41,375,17,6,50,africa
Love You Tonight ,Mfr Souls,afro house,2019,115,68,82,-8,6,68,353,5,5,37,africa
Nana Thula,Kabza De Small,afro house,2019,114,52,77,-14,4,59,439,0,5,52,africa
Sandton,Kabza De Small,afro house,2019,113,63,88,-12,10,59,412,15,15,45,africa
Sukendleleni,Jobe London,afro house,2019,112,72,88,-6,5,24,415,5,5,50,africa
Tender Love,Sha Sha,afro house,2019,113,39,85,-14,5,45,444,1,6,53,africa
Vula Vala,DJ Maphorisa,afro house,2019,113,59,91,-11,8,14,374,2,6,52,africa
A Holly Jolly Christmas ,Burl Ives,adult standards,1998,140,37,67,-13,10,86,133,59,3,83,world
A Holly Jolly Christmas ,Burl Ives,adult standards,1998,140,37,67,-13,10,86,133,59,3,83,africa
A Holly Jolly Christmas ,Burl Ives,adult standards,1998,140,37,67,-13,10,86,133,59,3,83,australia
A Holly Jolly Christmas ,Burl Ives,adult standards,1998,140,37,67,-13,10,86,133,59,3,83,belgium
A Holly Jolly Christmas ,Burl Ives,adult standards,1998,140,37,67,-13,10,86,133,59,3,83,canada
A Holly Jolly Christmas ,Burl Ives,adult standards,1998,140,37,67,-13,10,86,133,59,3,83,usa
"Baby, It's Cold Outside",Dean Martin,adult standards,1959,130,20,47,-16,5,54,144,88,6,79,canada
"Baby, It's Cold Outside",Dean Martin,adult standards,1959,130,20,47,-16,5,54,144,88,6,79,usa
Blue Christmas,Elvis Presley,adult standards,1957,95,27,47,-17,14,58,129,90,4,87,world
Blue Christmas,Elvis Presley,adult standards,1957,95,27,47,-17,14,58,129,90,4,87,africa
Blue Christmas,Elvis Presley,adult standards,1957,95,27,47,-17,14,58,129,90,4,87,australia
Blue Christmas,Elvis Presley,adult standards,1957,95,27,47,-17,14,58,129,90,4,87,belgium
Blue Christmas,Elvis Presley,adult standards,1957,95,27,47,-17,14,58,129,90,4,87,canada
Blue Christmas,Elvis Presley,adult standards,1957,95,27,47,-17,14,58,129,90,4,87,usa
Christmas,Darlene Love,adult standards,2019,126,76,34,-7,8,36,166,39,5,82,world
Christmas,Darlene Love,adult standards,2019,126,76,34,-7,8,36,166,39,5,82,africa
Christmas,Darlene Love,adult standards,2019,126,76,34,-7,8,36,166,39,5,82,belgium
Christmas,Darlene Love,adult standards,2019,126,76,34,-7,8,36,166,39,5,82,canada
Christmas,Darlene Love,adult standards,2019,126,76,34,-7,8,36,166,39,5,82,usa
Christmas Time Is Here,Vince Guaraldi Trio,adult standards,1965,75,14,39,-20,10,9,166,98,3,75,usa
Do You Hear What I Hear? ,Bing Crosby,adult standards,2006,102,25,57,-15,20,41,166,81,3,84,canada
Do You Hear What I Hear? ,Bing Crosby,adult standards,2006,102,25,57,-15,20,41,166,81,3,84,usa
Have Yourself A Merry Little Christmas,Ella Fitzgerald,adult standards,1960,112,25,61,-9,22,48,176,96,4,73,australia
Have Yourself A Merry Little Christmas,Judy Garland,adult standards,1944,181,18,16,-15,26,11,162,97,4,79,usa
Holly Jolly Christmas,Michael Buble,adult standards,2011,151,43,61,-9,9,74,122,86,4,82,world
Holly Jolly Christmas,Michael Buble,adult standards,2011,151,43,61,-9,9,74,122,86,4,82,africa
Holly Jolly Christmas,Michael Buble,adult standards,2011,151,43,61,-9,9,74,122,86,4,82,australia
Holly Jolly Christmas,Michael Buble,adult standards,2011,151,43,61,-9,9,74,122,86,4,82,belgium
Holly Jolly Christmas,Michael Buble,adult standards,2011,151,43,61,-9,9,74,122,86,4,82,canada
Holly Jolly Christmas,Michael Buble,adult standards,2011,151,43,61,-9,9,74,122,86,4,82,chile
Holly Jolly Christmas,Michael Buble,adult standards,2011,151,43,61,-9,9,74,122,86,4,82,usa
Holly Jolly Christmas,Michael Buble,adult standards,2011,151,43,61,-9,9,74,122,86,4,82,france
Holly Jolly Christmas,Michael Buble,adult standards,2011,151,43,61,-9,9,74,122,86,4,82,italy
Holly Jolly Christmas,Michael Buble,adult standards,2011,151,43,61,-9,9,74,122,86,4,82,malasya
I Saw Mommy Kissing Santa Claus,The Jackson 5,adult standards,1970,129,71,58,-8,82,61,181,26,5,84,world
I Saw Mommy Kissing Santa Claus,The Jackson 5,adult standards,1970,129,71,58,-8,82,61,181,26,5,84,belgium
I Saw Mommy Kissing Santa Claus,The Jackson 5,adult standards,1970,129,71,58,-8,82,61,181,26,5,84,canada
I Saw Mommy Kissing Santa Claus,The Jackson 5,adult standards,1970,129,71,58,-8,82,61,181,26,5,84,usa
I'll Be Home for Christmas,Michael Buble,adult standards,2011,82,11,25,-14,16,15,268,94,3,78,africa
I'll Be Home for Christmas,Michael Buble,adult standards,2011,82,11,25,-14,16,15,268,94,3,78,canada
It's Beginning to Look a Lot Like Christmas,Perry Como,adult standards,1999,113,28,73,-12,12,72,156,76,6,88,world
It's Beginning to Look a Lot like Christmas,Michael Buble,adult standards,2011,93,22,33,-11,34,36,207,88,3,84,world
It's Beginning to Look a Lot like Christmas,Michael Buble,adult standards,2011,93,22,33,-11,34,36,207,88,3,84,africa
It's Beginning to Look a Lot like Christmas,Michael Buble,adult standards,2011,93,22,33,-11,34,36,207,88,3,84,australia
It's Beginning to Look a Lot like Christmas,Michael Buble,adult standards,2011,93,22,33,-11,34,36,207,88,3,84,belgium
It's Beginning to Look a Lot like Christmas,Michael Buble,adult standards,2011,93,22,33,-11,34,36,207,88,3,84,canada
It's Beginning to Look a Lot like Christmas,Michael Buble,adult standards,2011,93,22,33,-11,34,36,207,88,3,84,germany
It's Beginning to Look a Lot like Christmas,Michael Buble,adult standards,2011,93,22,33,-11,34,36,207,88,3,84,chile
It's Beginning to Look a Lot like Christmas,Michael Buble,adult standards,2011,93,22,33,-11,34,36,207,88,3,84,spain
It's Beginning to Look a Lot like Christmas,Michael Buble,adult standards,2011,93,22,33,-11,34,36,207,88,3,84,usa
It's Beginning to Look a Lot like Christmas,Michael Buble,adult standards,2011,93,22,33,-11,34,36,207,88,3,84,italy
It's Beginning to Look a Lot like Christmas,Michael Buble,adult standards,2011,93,22,33,-11,34,36,207,88,3,84,malasya
It's Beginning to Look a Lot Like Christmas (with Mitchell Ayres & His Orchestra),Perry Como,adult standards,1999,113,28,73,-12,12,72,156,76,6,88,africa
It's Beginning to Look a Lot Like Christmas (with Mitchell Ayres & His Orchestra),Perry Como,adult standards,1999,113,28,73,-12,12,72,156,76,6,88,belgium
It's Beginning to Look a Lot Like Christmas (with Mitchell Ayres & His Orchestra),Perry Como,adult standards,1999,113,28,73,-12,12,72,156,76,6,88,canada
It's Beginning to Look a Lot Like Christmas (with Mitchell Ayres & His Orchestra),Perry Como,adult standards,1999,113,28,73,-12,12,72,156,76,6,88,usa
It's the Most Wonderful Time of the Year,Andy Williams,adult standards,1963,202,60,24,-8,12,78,152,77,4,92,world
It's the Most Wonderful Time of the Year,Andy Williams,adult standards,1963,202,60,24,-8,12,78,152,77,4,92,africa
It's the Most Wonderful Time of the Year,Andy Williams,adult standards,1963,202,60,24,-8,12,78,152,77,4,92,australia
It's the Most Wonderful Time of the Year,Andy Williams,adult standards,1963,202,60,24,-8,12,78,152,77,4,92,belgium
It's the Most Wonderful Time of the Year,Andy Williams,adult standards,1963,202,60,24,-8,12,78,152,77,4,92,canada
It's the Most Wonderful Time of the Year,Andy Williams,adult standards,1963,202,60,24,-8,12,78,152,77,4,92,germany
It's the Most Wonderful Time of the Year,Andy Williams,adult standards,1963,202,60,24,-8,12,78,152,77,4,92,usa
It's the Most Wonderful Time of the Year,Andy Williams,adult standards,1963,202,60,24,-8,12,78,152,77,4,92,italy
It's the Most Wonderful Time of the Year,Andy Williams,adult standards,1963,202,60,24,-8,12,78,152,77,4,92,malasya
Jingle Bell Rock,Bobby Helms,adult standards,1992,120,42,75,-8,7,81,131,64,4,92,world
Jingle Bell Rock,Bobby Helms,adult standards,1992,120,42,75,-8,7,81,131,64,4,92,africa
Jingle Bell Rock,Bobby Helms,adult standards,1992,120,42,75,-8,7,81,131,64,4,92,australia
Jingle Bell Rock,Bobby Helms,adult standards,1992,120,42,75,-8,7,81,131,64,4,92,belgium
Jingle Bell Rock,Bobby Helms,adult standards,1992,120,42,75,-8,7,81,131,64,4,92,bolivia
Jingle Bell Rock,Bobby Helms,adult standards,1992,120,42,75,-8,7,81,131,64,4,92,canada
Jingle Bell Rock,Bobby Helms,adult standards,1992,120,42,75,-8,7,81,131,64,4,92,germany
Jingle Bell Rock,Bobby Helms,adult standards,1992,120,42,75,-8,7,81,131,64,4,92,chile
Jingle Bell Rock,Bobby Helms,adult standards,1992,120,42,75,-8,7,81,131,64,4,92,usa
Jingle Bell Rock,Bobby Helms,adult standards,1992,120,42,75,-8,7,81,131,64,4,92,italy
Jingle Bell Rock,Bobby Helms,adult standards,1992,120,42,75,-8,7,81,131,64,4,92,malasya
Jingle Bells,Michael Buble,adult standards,2011,123,58,71,-6,14,83,162,70,6,75,australia
Jingle Bells,Michael Buble,adult standards,2011,123,58,71,-6,14,83,162,70,6,75,canada
Joy To The World,Nat King Cole,adult standards,1962,102,34,55,-10,11,66,85,82,3,84,canada
Joy To The World,Nat King Cole,adult standards,1962,102,34,55,-10,11,66,85,82,3,84,usa
Let It Snow! Let It Snow! Let It Snow!,Dean Martin,adult standards,1959,134,24,45,-14,18,70,117,91,4,89,world
Let It Snow! Let It Snow! Let It Snow!,Dean Martin,adult standards,1959,134,24,45,-14,18,70,117,91,4,89,africa
Let It Snow! Let It Snow! Let It Snow!,Dean Martin,adult standards,1959,134,24,45,-14,18,70,117,91,4,89,belgium
Let It Snow! Let It Snow! Let It Snow!,Dean Martin,adult standards,1959,134,24,45,-14,18,70,117,91,4,89,canada
Let It Snow! Let It Snow! Let It Snow!,Dean Martin,adult standards,1959,134,24,45,-14,18,70,117,91,4,89,usa
Let It Snow! Let It Snow! Let It Snow!,Dean Martin,adult standards,1959,134,24,45,-14,18,70,117,91,4,89,france
Let It Snow! Let It Snow! Let It Snow!,Frank Sinatra,adult standards,1994,142,26,65,-13,36,84,155,90,6,91,world
Let It Snow! Let It Snow! Let It Snow!,Frank Sinatra,adult standards,1994,142,26,65,-13,36,84,155,90,6,91,africa
Let It Snow! Let It Snow! Let It Snow!,Frank Sinatra,adult standards,1994,142,26,65,-13,36,84,155,90,6,91,australia
Let It Snow! Let It Snow! Let It Snow!,Frank Sinatra,adult standards,1994,142,26,65,-13,36,84,155,90,6,91,belgium
Let It Snow! Let It Snow! Let It Snow!,Frank Sinatra,adult standards,1994,142,26,65,-13,36,84,155,90,6,91,canada
Let It Snow! Let It Snow! Let It Snow!,Frank Sinatra,adult standards,1994,142,26,65,-13,36,84,155,90,6,91,usa
Let It Snow! Let It Snow! Let It Snow!,Frank Sinatra,adult standards,1994,142,26,65,-13,36,84,155,90,6,91,italy
Mele Kalikimaka,Bing Crosby,adult standards,1945,202,22,50,-12,28,62,175,65,9,82,usa
Mistletoe And Holly,Frank Sinatra,adult standards,1957,110,10,61,-14,8,34,136,80,4,81,canada
Mistletoe And Holly,Frank Sinatra,adult standards,1957,110,10,61,-14,8,34,136,80,4,81,usa
O Tannenbaum,Vince Guaraldi Trio,adult standards,1965,123,19,58,-16,13,34,309,91,4,79,usa
Rockin' Around The Christmas Tree,Brenda Lee,adult standards,1964,67,47,59,-9,51,90,126,61,5,93,world
Rockin' Around The Christmas Tree,Brenda Lee,adult standards,1964,67,47,59,-9,51,90,126,61,5,93,africa
Rockin' Around The Christmas Tree,Brenda Lee,adult standards,1964,67,47,59,-9,51,90,126,61,5,93,australia
Rockin' Around the Christmas Tree,Brenda Lee,adult standards,1991,141,64,68,-9,22,83,126,57,4,79,australia
Rockin' Around The Christmas Tree,Brenda Lee,adult standards,1964,67,47,59,-9,51,90,126,61,5,93,belgium
Rockin' Around The Christmas Tree,Brenda Lee,adult standards,1964,67,47,59,-9,51,90,126,61,5,93,canada
Rockin' Around The Christmas Tree,Brenda Lee,adult standards,1964,67,47,59,-9,51,90,126,61,5,93,usa
Rockin' Around The Christmas Tree,Brenda Lee,adult standards,1964,67,47,59,-9,51,90,126,61,5,93,italy
Rockin' Around The Christmas Tree,Brenda Lee,adult standards,1964,67,47,59,-9,51,90,126,61,5,93,malasya
Rudolph The Red-Nosed Reindeer,Dean Martin,adult standards,1959,136,20,48,-17,9,86,136,92,3,84,germany
Santa Baby ,Eartha Kitt,adult standards,2002,84,14,70,-12,19,49,206,90,6,76,usa
Santa Claus Is Comin' to Town,Frank Sinatra,adult standards,1994,140,20,65,-12,31,69,155,83,6,78,italy
Santa Claus Is Coming To Town,The Jackson 5,adult standards,1970,147,76,69,-5,18,96,144,42,3,85,world
Santa Claus Is Coming to Town,Michael Buble,adult standards,2011,123,40,59,-7,4,42,172,79,5,75,world
Santa Claus Is Coming To Town,The Jackson 5,adult standards,1970,147,76,69,-5,18,96,144,42,3,85,africa
Santa Claus Is Coming to Town,Michael Buble,adult standards,2011,123,40,59,-7,4,42,172,79,5,75,africa
Santa Claus Is Coming To Town,The Jackson 5,adult standards,1970,147,76,69,-5,18,96,144,42,3,85,australia
Santa Claus Is Coming to Town,Michael Buble,adult standards,2011,123,40,59,-7,4,42,172,79,5,75,australia
Santa Claus Is Coming To Town,The Jackson 5,adult standards,1970,147,76,69,-5,18,96,144,42,3,85,belgium
Santa Claus Is Coming to Town,Michael Buble,adult standards,2011,123,40,59,-7,4,42,172,79,5,75,belgium
Santa Claus Is Coming To Town,The Jackson 5,adult standards,1970,147,76,69,-5,18,96,144,42,3,85,canada
Santa Claus Is Coming to Town,Michael Buble,adult standards,2011,123,40,59,-7,4,42,172,79,5,75,canada
Santa Claus Is Coming To Town,The Jackson 5,adult standards,1970,147,76,69,-5,18,96,144,42,3,85,usa
Santa Claus Is Coming to Town,Michael Buble,adult standards,2011,123,40,59,-7,4,42,172,79,5,75,italy
Sleigh Ride,The Ronettes,adult standards,2019,92,77,53,-7,32,85,181,40,3,77,world
Sleigh Ride,The Ronettes,adult standards,2019,92,77,53,-7,32,85,181,40,3,77,africa
Sleigh Ride,The Ronettes,adult standards,2019,92,77,53,-7,32,85,181,40,3,77,australia
Sleigh Ride,The Ronettes,adult standards,2019,92,77,53,-7,32,85,181,40,3,77,belgium
Sleigh Ride,The Ronettes,adult standards,2019,92,77,53,-7,32,85,181,40,3,77,canada
Sleigh Ride,The Ronettes,adult standards,2019,92,77,53,-7,32,85,181,40,3,77,usa
The Christmas Song ,Nat King Cole,adult standards,1962,79,21,32,-15,14,21,192,92,3,89,world
The Christmas Song ,Nat King Cole,adult standards,1962,79,21,32,-15,14,21,192,92,3,89,africa
The Christmas Song ,Nat King Cole,adult standards,1962,79,21,32,-15,14,21,192,92,3,89,australia
The Christmas Song ,Nat King Cole,adult standards,1962,79,21,32,-15,14,21,192,92,3,89,belgium
The Christmas Song ,Nat King Cole,adult standards,1962,79,21,32,-15,14,21,192,92,3,89,canada
The Christmas Song ,Nat King Cole,adult standards,1962,79,21,32,-15,14,21,192,92,3,89,usa
What Christmas Means To Me,Stevie Wonder,adult standards,1967,167,54,48,-10,8,82,147,24,4,80,australia
What Christmas Means To Me,Stevie Wonder,adult standards,1967,167,54,48,-10,8,82,147,24,4,80,canada
White Christmas,Bing Crosby,adult standards,1942,131,16,32,-16,34,25,177,67,4,89,world
White Christmas,Bing Crosby,adult standards,1942,131,16,32,-16,34,25,177,67,4,89,africa
White Christmas,Bing Crosby,adult standards,1942,131,16,32,-16,34,25,177,67,4,89,australia
White Christmas,Michael Buble,adult standards,2011,127,49,61,-7,13,64,218,44,4,73,australia
White Christmas,Bing Crosby,adult standards,1942,131,16,32,-16,34,25,177,67,4,89,belgium
White Christmas,Bing Crosby,adult standards,1942,131,16,32,-16,34,25,177,67,4,89,canada
White Christmas,Bing Crosby,adult standards,1942,131,16,32,-16,34,25,177,67,4,89,usa
Winter Wonderland,Tony Bennett,adult standards,1968,115,37,45,-14,8,63,134,83,4,85,australia
Winter Wonderland,Tony Bennett,adult standards,1968,115,37,45,-14,8,63,134,83,4,85,canada
Winter Wonderland,Bing Crosby,adult standards,2006,127,23,59,-14,12,54,144,83,5,83,usa
Hallelujah,Pentatonix,a cappella,2016,119,38,32,-7,34,37,269,45,4,82,germany
